"STIG Windows Client (Win10) April 2018","{00ebf044-4c37-431f-ae45-6285894ce3e5}","OU=Clients,OU=_T2-Clients,DC=stig,DC=lab:False:True:7:False",
"J1 App6 Customizations and Deviations","{0415250f-85ce-4f41-91a3-67ca39dc8ebd}","OU=App6,OU=J1,OU=Regional Servers,OU=_zzz External Components,DC=stig,DC=lab:False:True:1:False",
"STIG Internet Explorer User","{043fc8ea-9406-4d77-8468-ca0156dbd085}","OU=Accounts,OU=_zzz External Components,DC=stig,DC=lab:False:True:4:False",
"F1 Server Customizations and Deviations","{05af69b0-23b9-4545-a3a9-25564d1f7652}",
"STIG User","{070dbdc4-647f-47ec-82d9-4260598a5f9e}","OU=Accounts,OU=_zzz External Components,DC=stig,DC=lab:False:True:5:False",
"STIG Office 2013 User","{0786e4fd-291b-4dc0-8c1b-e9aa5fee8a33}","OU=Accounts,OU=_zzz External Components,DC=stig,DC=lab:False:True:3:False",
"STIG Windows Firewall","{0b107c09-9b96-46d8-bb13-54da48ebb080}","OU=Domain Controllers,DC=stig,DC=lab:False:False:4:False","OU=Services,OU=_T1-Infrastructure,DC=stig,DC=lab:False:False:5:False","OU=Clients,OU=_zzz External Components,DC=stig,DC=lab:False:True:5:False","OU=Regional Servers,OU=_zzz External Components,DC=stig,DC=lab:False:True:4:False","OU=Clients,OU=_T2-Clients,DC=stig,DC=lab:False:True:5:False",
"Government Mandated IAVAs","{0f56b038-0ab9-4003-b678-0be4238054ea}","OU=Domain Controllers,DC=stig,DC=lab:False:False:3:False","OU=Services,OU=_T1-Infrastructure,DC=stig,DC=lab:False:False:2:False","OU=Clients,OU=_zzz External Components,DC=stig,DC=lab:False:True:2:False","OU=Regional Servers,OU=_zzz External Components,DC=stig,DC=lab:False:True:2:False","OU=Clients,OU=_T2-Clients,DC=stig,DC=lab:False:True:2:False",
"E1 User Customizations and Deviations","{1119de67-1873-4533-977f-275d6d33d381}","OU=E1,OU=Accounts,OU=_zzz External Components,DC=stig,DC=lab:False:True:1:False",
"STIG Internet Explorer Computer","{134ebedf-4aad-4178-a7e1-e2dbc399eeaf}","OU=Domain Controllers,DC=stig,DC=lab:False:False:5:False","OU=Services,OU=_T1-Infrastructure,DC=stig,DC=lab:False:False:6:False","OU=Clients,OU=_zzz External Components,DC=stig,DC=lab:False:True:6:False","OU=Regional Servers,OU=_zzz External Components,DC=stig,DC=lab:False:True:5:False","OU=Clients,OU=_T2-Clients,DC=stig,DC=lab:False:True:6:False",
"Government Mandates Clients","{1ade9f45-0a6e-4723-bfd8-50302fe9443d}","OU=Clients,OU=_zzz External Components,DC=stig,DC=lab:False:True:3:False","OU=Clients,OU=_T2-Clients,DC=stig,DC=lab:False:True:3:False",
"Customizations and Deviations Servers","{1b4432ec-413f-45a3-b9dc-29cac91ce957}","OU=Services,OU=_T1-Infrastructure,DC=stig,DC=lab:False:True:1:False","OU=Regional Servers,OU=_zzz External Components,DC=stig,DC=lab:False:True:1:False",
"B1 User Customizations and Deviations","{1bbb2cb6-154f-4fa9-92d1-bf33c0279368}","OU=B1,OU=Accounts,OU=_zzz External Components,DC=stig,DC=lab:False:True:1:False",
"Enterprise Cyber Customizations and Deviations","{1f15f369-a11e-4a63-8cbf-fa0c8d0fc551}","OU=Cyber,OU=Services,OU=_T1-Infrastructure,DC=stig,DC=lab:False:True:1:False",
"STIG Windows Server (Server 2016)","{1f8d176d-5afb-43ba-aaa6-f6eebfdf91eb}","OU=Services,OU=_T1-Infrastructure,DC=stig,DC=lab:False:False:7:False","OU=Regional Servers,OU=_zzz External Components,DC=stig,DC=lab:False:True:6:False",
"STIG Windows Client (Win10)","{286380a1-28be-4bb3-9c01-832c8812d8e4}","OU=Clients,OU=_zzz External Components,DC=stig,DC=lab:False:True:8:False",
"Customizations for SharePoint","{28c73d43-eccf-4b67-907c-57213b2e1924}",
"STIG Windows Domain Controller (Server 2012 R2)","{2986ce9e-9762-4f0d-8f40-9169a46c06e8}","OU=Domain Controllers,DC=stig,DC=lab:False:False:7:False",
"T1 User Customizations and Deviations","{2b9379e9-ebed-4648-88e4-597d4e21e048}","OU=T1,OU=Accounts,OU=_zzz External Components,DC=stig,DC=lab:False:True:1:False",
"D1 App1 Customizations and Deviations","{2e35bff5-1f56-42dd-9f95-6841982be18c}","OU=App1,OU=D1,OU=Regional Servers,OU=_zzz External Components,DC=stig,DC=lab:False:True:1:False",
"Default Domain Policy","{31b2f340-016d-11d2-945f-00c04fb984f9}","OU=Clients,OU=_T2-Clients,DC=stig,DC=lab:False:True:9:False","DC=stig,DC=lab:False:True:2:False",
"Customizations and Deviations Privileged Users","{3270f450-6ddb-4098-b8f8-d6c0f5ec4b62}",
"Partial STIG Domain Controller","{34d3d619-9d8f-45e1-b052-f513b7b424b7}",
"D1 User Customizations and Deviations","{37b36b1b-c6de-499d-bd49-3cf29044c90e}","OU=D1,OU=Accounts,OU=_zzz External Components,DC=stig,DC=lab:False:True:1:False",
"STIG Windows Server (Server 2008 R2)","{3884da15-3bea-4b39-96a4-2ce8257f8a63}","OU=Regional Servers,OU=_zzz External Components,DC=stig,DC=lab:False:True:8:False",
"E1 App2 Customizations and Deviations","{3dc13a45-6eb0-47d5-b589-5ff88fb40403}","OU=App2,OU=E1,OU=Regional Servers,OU=_zzz External Components,DC=stig,DC=lab:False:True:1:False",
"DAC File Server Customizations","{40c06005-d22e-416a-b739-5c5aee3a3be5}","OU=Services,OU=_T1-Infrastructure,DC=stig,DC=lab:False:True:9:False",
"Firewall Off","{41bcee85-8e76-47e4-ab43-75342e247031}","OU=Services,OU=_T1-Infrastructure,DC=stig,DC=lab:False:False:4:False",
"Partial STIG Windows Client","{424002bc-2064-4237-b1cc-4c8633451b2d}",
"Government Mandates User","{46cdaf42-d8d1-4c64-b4d5-451adbd3310f}","OU=Accounts,OU=_zzz External Components,DC=stig,DC=lab:False:True:2:False",
"Customizations for Hyper-V","{4a255ce6-3880-487b-9b17-33083942f01c}",
"T1 Client Customizations and Deviations","{4f7a9053-10c2-4a3a-bba3-a1f3f729ba4f}","OU=T1,OU=Clients,OU=_zzz External Components,DC=stig,DC=lab:False:True:1:False",
"STIG Windows Server (Server2012 R2)","{54ed9246-e69d-4088-83a0-226da73b2c97}","OU=Services,OU=_T1-Infrastructure,DC=stig,DC=lab:False:False:8:False","OU=Regional Servers,OU=_zzz External Components,DC=stig,DC=lab:False:True:7:False",
"Enterprise Policy","{55886da4-986e-402d-96c2-e487cd7b017d}","OU=Clients,OU=_T2-Clients,DC=stig,DC=lab:False:True:8:False","DC=stig,DC=lab:False:True:1:False",
"F1 App3 Customizations and Deviations","{5b3e56f4-9714-4f03-a103-99ea2ce8f66a}","OU=App3,OU=F1,OU=Regional Servers,OU=_zzz External Components,DC=stig,DC=lab:False:True:1:False",
"B1 App1 Customizations and Deviations","{6869e145-6994-46bf-afe6-697aa731da0c}","OU=App1,OU=B1,OU=Regional Servers,OU=_zzz External Components,DC=stig,DC=lab:False:True:1:False",
"Default Domain Controllers Policy","{6ac1786c-016f-11d2-945f-00c04fb984f9}","OU=Domain Controllers,DC=stig,DC=lab:False:True:8:False",
"STIG Windows Client (no-EMET Supplemental)","{6eae793d-2323-4d7d-b384-8ee85b114ce5}",
"Enterprise System Center Customizations and Deviations","{6f91458d-d951-4351-b603-1f36d7429a99}","OU=System Center,OU=Services,OU=_T1-Infrastructure,DC=stig,DC=lab:False:True:1:False",
"W1 Server Customizations and Deviations","{70fdf3d6-db6b-479f-a451-e4e78131a8ac}",
"Customizations for SQL","{7244a232-0120-42f9-878c-b89751c772e4}","OU=SQL,OU=Services,OU=_T1-Infrastructure,DC=stig,DC=lab:False:True:1:False",
"F1 Client Customizations and Deviations","{77ad1c0e-1500-434a-ab38-3041a13624d6}","OU=F1,OU=Clients,OU=_zzz External Components,DC=stig,DC=lab:False:True:1:False",
"Delta Windows Client","{7af50e46-164e-40ba-9dcb-587429046d16}",
"PKI updates for disconnected environment","{7c186f92-bca9-41cc-8478-aa801bff1699}",
"E1 Server Customizations and Deviations","{816910a4-c226-43e0-84b5-ac5e18533bb2}",
"Customizations for Web Servers","{83aa4a07-f00e-4ae8-a961-ae4034b1fd21}",
"Customizations for Certificate Authority","{8972648a-1f0b-4f16-a776-a7e78b2ed686}",
"E1 Client Customizations and Deviations","{8b354033-1439-45f0-81a9-e5141c80a41d}","OU=E1,OU=Clients,OU=_zzz External Components,DC=stig,DC=lab:False:True:1:False",
"PDCe Time Source","{8c5c36f7-ce58-4e7e-b717-904c43fe6503}","OU=Domain Controllers,DC=stig,DC=lab:False:True:1:False",
"Enterprise Exchange Customizations and Deviations","{8cfe3d11-6226-4843-9a3c-6054daa1ffae}","OU=Exchange,OU=Services,OU=_T1-Infrastructure,DC=stig,DC=lab:False:True:1:False",
"MSFT Security Baseline 2012 R2 MS","{92338e03-d301-4ca3-b5a2-298128504376}",
"E1 App4 Customizations and Deviations","{94f23b54-d3fb-404c-b000-17085dadd1fd}","OU=App4,OU=E1,OU=Regional Servers,OU=_zzz External Components,DC=stig,DC=lab:False:True:1:False",
"DAC Domain Controller Customizations","{9546c1fa-3c92-4a16-bdcd-83f59e373c15}","OU=Domain Controllers,DC=stig,DC=lab:False:True:9:False",
"T1 App7 Customizations and Deviations","{97822511-bcdf-4ac8-bde3-0aebd8817bc5}","OU=App7,OU=T1,OU=Regional Servers,OU=_zzz External Components,DC=stig,DC=lab:False:True:1:False",
"Enterprise SQL Customizations and Deviations","{97b75be6-cd87-46ab-8d02-4f28c639f406}",
"T1 App5 Customizations and Deviations","{99a4c6ca-f9d4-4459-b23d-0d6c5a42822c}","OU=App5,OU=T1,OU=Regional Servers,OU=_zzz External Components,DC=stig,DC=lab:False:True:1:False",
"STIG Windows Domain Controller (Server 2016) April 2018","{9e7281e3-a98a-46e1-9fb2-d5efa5937168}",
"J1 User Customizations and Deviations","{a256f19a-7314-4c4e-9035-20dbedbfd132}","OU=J1,OU=Accounts,OU=_zzz External Components,DC=stig,DC=lab:False:True:1:False",
"STIG Windows Domain Controller (Server 2016)","{a443cba5-2a05-4f4e-a5a4-951d2782ff6f}","OU=Domain Controllers,DC=stig,DC=lab:False:False:6:False",
"B1 Server Customizations and Deviations","{a734a26c-dc16-4926-98c8-b6fbcdbf77d2}",
"Customizations and Deviations Privileged Users (Clients)","{b2557c3e-edc8-460c-aaf1-158dc30d9e4d}",
"B1 Client Customizations and Deviations","{b7bc4ad8-338e-44a4-88a9-4220e3da0b37}","OU=B1,OU=Clients,OU=_zzz External Components,DC=stig,DC=lab:False:True:1:False",
"D1 Server Customizations and Deviations","{bd34b5c7-0578-41f4-92bb-93c1fe1a3a10}",
"Customizations and Deviations Domain Controllers","{c39a1dbd-4931-4970-8502-3d5aa9a0d2f6}","OU=Domain Controllers,DC=stig,DC=lab:False:False:2:False",
"W1 App8 Customizations and Deviations","{c5039bde-2114-4c5d-92f0-e1d7ba326436}","OU=App8,OU=W1,OU=Regional Servers,OU=_zzz External Components,DC=stig,DC=lab:False:True:1:False",
"STIG Office 2013 Computer","{c7938952-9d1e-4ed5-9322-be5f0e01c681}","OU=Clients,OU=_zzz External Components,DC=stig,DC=lab:False:True:4:False","OU=Clients,OU=_T2-Clients,DC=stig,DC=lab:False:True:4:False",
"DAC File Server Advanced Audiing","{c94c1b9d-bbd4-490d-a2fd-192d5761a61d}","OU=Services,OU=_T1-Infrastructure,DC=stig,DC=lab:False:True:10:False",
"Customizations for ADFS","{cc923953-ffe0-4c1c-9b01-c9e19e438397}",
"F1 User Customizations and Deviations","{cea0d0be-0f79-4ae0-a8d7-a2edc0ba02bc}","OU=F1,OU=Accounts,OU=_zzz External Components,DC=stig,DC=lab:False:True:1:False",
"STIG Windows Client (Win8)","{d1875060-3f64-4a46-9b09-fe83a89d531d}",
"Autonenroll RDP Certificate","{d2ad4781-388b-4bdf-a684-59e4e3349311}",
"W1 App6 Customizations and Deviations","{d2fc1c41-a218-4195-8c4e-03bfbf9c83f9}","OU=App6,OU=W1,OU=Regional Servers,OU=_zzz External Components,DC=stig,DC=lab:False:True:1:False",
"D1 Client Customizations and Deviations","{d41d51b6-00f7-4ab2-ba0a-aa573659ebe7}","OU=D1,OU=Clients,OU=_zzz External Components,DC=stig,DC=lab:False:True:1:False",
"Customizations and Deviations Clients","{d4b609fb-36a1-46a4-af7b-d6abf3b4c677}","OU=Clients,OU=_zzz External Components,DC=stig,DC=lab:False:True:1:False","OU=Clients,OU=_T2-Clients,DC=stig,DC=lab:False:True:1:False",
"Customizations and Deviations Privileged Users (Domain)","{d75e4b19-33c4-47b0-b9b4-238b058cbdb2}",
"W1 Client Customizations and Deviations","{da21513e-c19f-4567-9599-b634de2b1b30}","OU=W1,OU=Clients,OU=_zzz External Components,DC=stig,DC=lab:False:True:1:False",
"Government Mandates Servers","{e011d323-59c4-4613-ad6e-eff85ffc3ecb}","OU=Services,OU=_T1-Infrastructure,DC=stig,DC=lab:False:False:3:False","OU=Regional Servers,OU=_zzz External Components,DC=stig,DC=lab:False:True:3:False",
"DAC Enterprise Client Customizations","{e134ef37-c34d-4b4b-b441-839de9efafe4}","DC=stig,DC=lab:False:True:3:False",
"B1 App2 Customizations and Deviations","{e57ca17e-f52c-4aa8-b02c-f85493240904}","OU=App2,OU=B1,OU=Regional Servers,OU=_zzz External Components,DC=stig,DC=lab:False:True:1:False",
"T1 Server Customizations and Deviations","{e741102e-9f6c-4f0b-aa42-fd9fc00b4483}",
"J1 App4 Customizations and Deviations","{ed1e1764-6d49-4be2-88dd-c75195bfd7ad}","OU=App4,OU=J1,OU=Regional Servers,OU=_zzz External Components,DC=stig,DC=lab:False:True:1:False",
"F1 App5 Customizations and Deviations","{ee63af49-292d-4365-ab42-b141d80f8452}","OU=App5,OU=F1,OU=Regional Servers,OU=_zzz External Components,DC=stig,DC=lab:False:True:1:False",
"Customizations and Deviations Privileged Users (Infrastructure)","{ef587242-d819-42f7-a9b5-fcf229d1430b}",
"J1 Server Customizations and Deviations","{efc0c803-6d29-4fd4-8775-3bf81c056e9c}",
"W1 User Customizations and Deviations","{f09ac846-9a60-4e5a-a87c-df577387a85c}","OU=W1,OU=Accounts,OU=_zzz External Components,DC=stig,DC=lab:False:True:1:False",
"STIG Windows Client (Win7)","{f0be9c82-97e1-4c77-a86e-22a27c3a9b2a}","OU=Clients,OU=_zzz External Components,DC=stig,DC=lab:False:True:7:False",
"D1 App3 Customizations and Deviations","{f46be5ef-b306-4f07-a3ac-f4021445286d}","OU=App3,OU=D1,OU=Regional Servers,OU=_zzz External Components,DC=stig,DC=lab:False:True:1:False",
"Partial STIG Windows Server","{f65df13b-5de8-4b6a-acb2-df1409bbe8e0}",
"Customizations and Deviations User","{f76e7e1a-da53-4eff-a818-db10a5201b95}","OU=Accounts,OU=_zzz External Components,DC=stig,DC=lab:False:True:1:False",
"J1 Client Customizations and Deviations","{f8e9eaae-40c5-4795-b05e-98be5a19d475}","OU=J1,OU=Clients,OU=_zzz External Components,DC=stig,DC=lab:False:True:1:False",
