<Backups xmlns="http://www.microsoft.com/GroupPolicy/GPOOperations/Manifest" xmlns:mfst="http://www.microsoft.com/GroupPolicy/GPOOperations/Manifest" mfst:version="1.0"><BackupInst><GPOGuid><![CDATA[{F8E9EAAE-40C5-4795-B05E-98BE5A19D475}]]></GPOGuid><GPODomain><![CDATA[stig.lab]]></GPODomain><GPODomainGuid><![CDATA[{9ddb958d-7916-4557-ae47-eef7f4d41f28}]]></GPODomainGuid><GPODomainController><![CDATA[STIGDC16.stig.lab]]></GPODomainController><BackupTime><![CDATA[2019-10-16T17:49:16]]></BackupTime><ID><![CDATA[{1853EEEA-C1B7-4EE7-BD91-4830638E2905}]]></ID><Comment><![CDATA[Scripted backup created by STIG\p-dom.admin on 10/16/2019]]></Comment><GPODisplayName><![CDATA[J1 Client Customizations and Deviations]]></GPODisplayName></BackupInst><BackupInst><GPOGuid><![CDATA[{F76E7E1A-DA53-4EFF-A818-DB10A5201B95}]]></GPOGuid><GPODomain><![CDATA[stig.lab]]></GPODomain><GPODomainGuid><![CDATA[{9ddb958d-7916-4557-ae47-eef7f4d41f28}]]></GPODomainGuid><GPODomainController><![CDATA[STIGDC16.stig.lab]]></GPODomainController><BackupTime><![CDATA[2019-10-16T17:49:15]]></BackupTime><ID><![CDATA[{1A247AA6-6492-4331-97D4-A7BFC840E09D}]]></ID><Comment><![CDATA[Scripted backup created by STIG\p-dom.admin on 10/16/2019]]></Comment><GPODisplayName><![CDATA[Customizations and Deviations User]]></GPODisplayName></BackupInst><BackupInst><GPOGuid><![CDATA[{F65DF13B-5DE8-4B6A-ACB2-DF1409BBE8E0}]]></GPOGuid><GPODomain><![CDATA[stig.lab]]></GPODomain><GPODomainGuid><![CDATA[{9ddb958d-7916-4557-ae47-eef7f4d41f28}]]></GPODomainGuid><GPODomainController><![CDATA[STIGDC16.stig.lab]]></GPODomainController><BackupTime><![CDATA[2019-10-16T17:49:14]]></BackupTime><ID><![CDATA[{267C2C85-E5A8-4F58-B0F7-D749A11C52E5}]]></ID><Comment><![CDATA[Scripted backup created by STIG\p-dom.admin on 10/16/2019]]></Comment><GPODisplayName><![CDATA[Partial STIG Windows Server]]></GPODisplayName></BackupInst><BackupInst><GPOGuid><![CDATA[{F46BE5EF-B306-4F07-A3AC-F4021445286D}]]></GPOGuid><GPODomain><![CDATA[stig.lab]]></GPODomain><GPODomainGuid><![CDATA[{9ddb958d-7916-4557-ae47-eef7f4d41f28}]]></GPODomainGuid><GPODomainController><![CDATA[STIGDC16.stig.lab]]></GPODomainController><BackupTime><![CDATA[2019-10-16T17:49:13]]></BackupTime><ID><![CDATA[{FE852795-71CC-4FFF-8F2E-33069CFD1690}]]></ID><Comment><![CDATA[Scripted backup created by STIG\p-dom.admin on 10/16/2019]]></Comment><GPODisplayName><![CDATA[D1 App3 Customizations and Deviations]]></GPODisplayName></BackupInst><BackupInst><GPOGuid><![CDATA[{F0BE9C82-97E1-4C77-A86E-22A27C3A9B2A}]]></GPOGuid><GPODomain><![CDATA[stig.lab]]></GPODomain><GPODomainGuid><![CDATA[{9ddb958d-7916-4557-ae47-eef7f4d41f28}]]></GPODomainGuid><GPODomainController><![CDATA[STIGDC16.stig.lab]]></GPODomainController><BackupTime><![CDATA[2019-10-16T17:49:12]]></BackupTime><ID><![CDATA[{40902D0A-19C5-4FC5-BCB0-B12AE5BA1919}]]></ID><Comment><![CDATA[Scripted backup created by STIG\p-dom.admin on 10/16/2019]]></Comment><GPODisplayName><![CDATA[STIG Windows Client (Win7)]]></GPODisplayName></BackupInst><BackupInst><GPOGuid><![CDATA[{F09AC846-9A60-4E5A-A87C-DF577387A85C}]]></GPOGuid><GPODomain><![CDATA[stig.lab]]></GPODomain><GPODomainGuid><![CDATA[{9ddb958d-7916-4557-ae47-eef7f4d41f28}]]></GPODomainGuid><GPODomainController><![CDATA[STIGDC16.stig.lab]]></GPODomainController><BackupTime><![CDATA[2019-10-16T17:49:12]]></BackupTime><ID><![CDATA[{5818AEB8-C0F8-4021-8435-D0E5A12C6BCB}]]></ID><Comment><![CDATA[Scripted backup created by STIG\p-dom.admin on 10/16/2019]]></Comment><GPODisplayName><![CDATA[W1 User Customizations and Deviations]]></GPODisplayName></BackupInst><BackupInst><GPOGuid><![CDATA[{EFC0C803-6D29-4FD4-8775-3BF81C056E9C}]]></GPOGuid><GPODomain><![CDATA[stig.lab]]></GPODomain><GPODomainGuid><![CDATA[{9ddb958d-7916-4557-ae47-eef7f4d41f28}]]></GPODomainGuid><GPODomainController><![CDATA[STIGDC16.stig.lab]]></GPODomainController><BackupTime><![CDATA[2019-10-16T17:49:11]]></BackupTime><ID><![CDATA[{253A5221-8658-402B-A8FE-817CBF76F34A}]]></ID><Comment><![CDATA[Scripted backup created by STIG\p-dom.admin on 10/16/2019]]></Comment><GPODisplayName><![CDATA[J1 Server Customizations and Deviations]]></GPODisplayName></BackupInst><BackupInst><GPOGuid><![CDATA[{EF587242-D819-42F7-A9B5-FCF229D1430B}]]></GPOGuid><GPODomain><![CDATA[stig.lab]]></GPODomain><GPODomainGuid><![CDATA[{9ddb958d-7916-4557-ae47-eef7f4d41f28}]]></GPODomainGuid><GPODomainController><![CDATA[STIGDC16.stig.lab]]></GPODomainController><BackupTime><![CDATA[2019-10-16T17:49:11]]></BackupTime><ID><![CDATA[{3D90EAA8-4F62-43D4-88A1-5367EA648598}]]></ID><Comment><![CDATA[Scripted backup created by STIG\p-dom.admin on 10/16/2019]]></Comment><GPODisplayName><![CDATA[Customizations and Deviations Privileged Users (Infrastructure)]]></GPODisplayName></BackupInst><BackupInst><GPOGuid><![CDATA[{EE63AF49-292D-4365-AB42-B141D80F8452}]]></GPOGuid><GPODomain><![CDATA[stig.lab]]></GPODomain><GPODomainGuid><![CDATA[{9ddb958d-7916-4557-ae47-eef7f4d41f28}]]></GPODomainGuid><GPODomainController><![CDATA[STIGDC16.stig.lab]]></GPODomainController><BackupTime><![CDATA[2019-10-16T17:49:11]]></BackupTime><ID><![CDATA[{3B036285-72F7-42F2-BC61-F9C5EAF28300}]]></ID><Comment><![CDATA[Scripted backup created by STIG\p-dom.admin on 10/16/2019]]></Comment><GPODisplayName><![CDATA[F1 App5 Customizations and Deviations]]></GPODisplayName></BackupInst><BackupInst><GPOGuid><![CDATA[{ED1E1764-6D49-4BE2-88DD-C75195BFD7AD}]]></GPOGuid><GPODomain><![CDATA[stig.lab]]></GPODomain><GPODomainGuid><![CDATA[{9ddb958d-7916-4557-ae47-eef7f4d41f28}]]></GPODomainGuid><GPODomainController><![CDATA[STIGDC16.stig.lab]]></GPODomainController><BackupTime><![CDATA[2019-10-16T17:49:11]]></BackupTime><ID><![CDATA[{A2E47A01-AAE8-47B1-AA67-C513A4E87772}]]></ID><Comment><![CDATA[Scripted backup created by STIG\p-dom.admin on 10/16/2019]]></Comment><GPODisplayName><![CDATA[J1 App4 Customizations and Deviations]]></GPODisplayName></BackupInst><BackupInst><GPOGuid><![CDATA[{E741102E-9F6C-4F0B-AA42-FD9FC00B4483}]]></GPOGuid><GPODomain><![CDATA[stig.lab]]></GPODomain><GPODomainGuid><![CDATA[{9ddb958d-7916-4557-ae47-eef7f4d41f28}]]></GPODomainGuid><GPODomainController><![CDATA[STIGDC16.stig.lab]]></GPODomainController><BackupTime><![CDATA[2019-10-16T17:49:10]]></BackupTime><ID><![CDATA[{D60DBB3B-64E9-4A9E-9D56-668357C652B0}]]></ID><Comment><![CDATA[Scripted backup created by STIG\p-dom.admin on 10/16/2019]]></Comment><GPODisplayName><![CDATA[T1 Server Customizations and Deviations]]></GPODisplayName></BackupInst><BackupInst><GPOGuid><![CDATA[{E57CA17E-F52C-4AA8-B02C-F85493240904}]]></GPOGuid><GPODomain><![CDATA[stig.lab]]></GPODomain><GPODomainGuid><![CDATA[{9ddb958d-7916-4557-ae47-eef7f4d41f28}]]></GPODomainGuid><GPODomainController><![CDATA[STIGDC16.stig.lab]]></GPODomainController><BackupTime><![CDATA[2019-10-16T17:49:10]]></BackupTime><ID><![CDATA[{11AA31A0-D8CE-4D5B-B4CD-4C162A82BE3D}]]></ID><Comment><![CDATA[Scripted backup created by STIG\p-dom.admin on 10/16/2019]]></Comment><GPODisplayName><![CDATA[B1 App2 Customizations and Deviations]]></GPODisplayName></BackupInst><BackupInst><GPOGuid><![CDATA[{E134EF37-C34D-4B4B-B441-839DE9EFAFE4}]]></GPOGuid><GPODomain><![CDATA[stig.lab]]></GPODomain><GPODomainGuid><![CDATA[{9ddb958d-7916-4557-ae47-eef7f4d41f28}]]></GPODomainGuid><GPODomainController><![CDATA[STIGDC16.stig.lab]]></GPODomainController><BackupTime><![CDATA[2019-10-16T17:49:09]]></BackupTime><ID><![CDATA[{0586A1CF-A91D-4682-82AD-3DB2933BA7BA}]]></ID><Comment><![CDATA[Scripted backup created by STIG\p-dom.admin on 10/16/2019]]></Comment><GPODisplayName><![CDATA[DAC Enterprise Client Customizations]]></GPODisplayName></BackupInst><BackupInst><GPOGuid><![CDATA[{E011D323-59C4-4613-AD6E-EFF85FFC3ECB}]]></GPOGuid><GPODomain><![CDATA[stig.lab]]></GPODomain><GPODomainGuid><![CDATA[{9ddb958d-7916-4557-ae47-eef7f4d41f28}]]></GPODomainGuid><GPODomainController><![CDATA[STIGDC16.stig.lab]]></GPODomainController><BackupTime><![CDATA[2019-10-16T17:49:09]]></BackupTime><ID><![CDATA[{C027E5EF-5D2F-46F0-A88E-F45A15B6976F}]]></ID><Comment><![CDATA[Scripted backup created by STIG\p-dom.admin on 10/16/2019]]></Comment><GPODisplayName><![CDATA[Government Mandates Servers]]></GPODisplayName></BackupInst><BackupInst><GPOGuid><![CDATA[{DA21513E-C19F-4567-9599-B634DE2B1B30}]]></GPOGuid><GPODomain><![CDATA[stig.lab]]></GPODomain><GPODomainGuid><![CDATA[{9ddb958d-7916-4557-ae47-eef7f4d41f28}]]></GPODomainGuid><GPODomainController><![CDATA[STIGDC16.stig.lab]]></GPODomainController><BackupTime><![CDATA[2019-10-16T17:49:09]]></BackupTime><ID><![CDATA[{B7DB33A3-25F5-4B7D-B88C-61BEE96DA709}]]></ID><Comment><![CDATA[Scripted backup created by STIG\p-dom.admin on 10/16/2019]]></Comment><GPODisplayName><![CDATA[W1 Client Customizations and Deviations]]></GPODisplayName></BackupInst><BackupInst><GPOGuid><![CDATA[{D75E4B19-33C4-47B0-B9B4-238B058CBDB2}]]></GPOGuid><GPODomain><![CDATA[stig.lab]]></GPODomain><GPODomainGuid><![CDATA[{9ddb958d-7916-4557-ae47-eef7f4d41f28}]]></GPODomainGuid><GPODomainController><![CDATA[STIGDC16.stig.lab]]></GPODomainController><BackupTime><![CDATA[2019-10-16T17:49:08]]></BackupTime><ID><![CDATA[{65151385-ACC2-40B0-A18A-2E80435A0DBB}]]></ID><Comment><![CDATA[Scripted backup created by STIG\p-dom.admin on 10/16/2019]]></Comment><GPODisplayName><![CDATA[Customizations and Deviations Privileged Users (Domain)]]></GPODisplayName></BackupInst><BackupInst><GPOGuid><![CDATA[{D4B609FB-36A1-46A4-AF7B-D6ABF3B4C677}]]></GPOGuid><GPODomain><![CDATA[stig.lab]]></GPODomain><GPODomainGuid><![CDATA[{9ddb958d-7916-4557-ae47-eef7f4d41f28}]]></GPODomainGuid><GPODomainController><![CDATA[STIGDC16.stig.lab]]></GPODomainController><BackupTime><![CDATA[2019-10-16T17:49:08]]></BackupTime><ID><![CDATA[{6F1EC757-8CF5-4EAF-B621-DA2CB372B8B1}]]></ID><Comment><![CDATA[Scripted backup created by STIG\p-dom.admin on 10/16/2019]]></Comment><GPODisplayName><![CDATA[Customizations and Deviations Clients]]></GPODisplayName></BackupInst><BackupInst><GPOGuid><![CDATA[{D41D51B6-00F7-4AB2-BA0A-AA573659EBE7}]]></GPOGuid><GPODomain><![CDATA[stig.lab]]></GPODomain><GPODomainGuid><![CDATA[{9ddb958d-7916-4557-ae47-eef7f4d41f28}]]></GPODomainGuid><GPODomainController><![CDATA[STIGDC16.stig.lab]]></GPODomainController><BackupTime><![CDATA[2019-10-16T17:49:07]]></BackupTime><ID><![CDATA[{50883CB3-093F-4CEA-8A3F-7B727D1522CF}]]></ID><Comment><![CDATA[Scripted backup created by STIG\p-dom.admin on 10/16/2019]]></Comment><GPODisplayName><![CDATA[D1 Client Customizations and Deviations]]></GPODisplayName></BackupInst><BackupInst><GPOGuid><![CDATA[{D2FC1C41-A218-4195-8C4E-03BFBF9C83F9}]]></GPOGuid><GPODomain><![CDATA[stig.lab]]></GPODomain><GPODomainGuid><![CDATA[{9ddb958d-7916-4557-ae47-eef7f4d41f28}]]></GPODomainGuid><GPODomainController><![CDATA[STIGDC16.stig.lab]]></GPODomainController><BackupTime><![CDATA[2019-10-16T17:49:07]]></BackupTime><ID><![CDATA[{465C36E4-826C-43A9-82FC-8BDB6C2A259F}]]></ID><Comment><![CDATA[Scripted backup created by STIG\p-dom.admin on 10/16/2019]]></Comment><GPODisplayName><![CDATA[W1 App6 Customizations and Deviations]]></GPODisplayName></BackupInst><BackupInst><GPOGuid><![CDATA[{D2AD4781-388B-4BDF-A684-59E4E3349311}]]></GPOGuid><GPODomain><![CDATA[stig.lab]]></GPODomain><GPODomainGuid><![CDATA[{9ddb958d-7916-4557-ae47-eef7f4d41f28}]]></GPODomainGuid><GPODomainController><![CDATA[STIGDC16.stig.lab]]></GPODomainController><BackupTime><![CDATA[2019-10-16T17:49:06]]></BackupTime><ID><![CDATA[{CEF3B28E-E7F1-4C86-9845-E629DBEF312B}]]></ID><Comment><![CDATA[Scripted backup created by STIG\p-dom.admin on 10/16/2019]]></Comment><GPODisplayName><![CDATA[Autonenroll RDP Certificate]]></GPODisplayName></BackupInst><BackupInst><GPOGuid><![CDATA[{D1875060-3F64-4A46-9B09-FE83A89D531D}]]></GPOGuid><GPODomain><![CDATA[stig.lab]]></GPODomain><GPODomainGuid><![CDATA[{9ddb958d-7916-4557-ae47-eef7f4d41f28}]]></GPODomainGuid><GPODomainController><![CDATA[STIGDC16.stig.lab]]></GPODomainController><BackupTime><![CDATA[2019-10-16T17:49:04]]></BackupTime><ID><![CDATA[{56B16481-FB54-41FC-B888-9CEB1AFB239F}]]></ID><Comment><![CDATA[Scripted backup created by STIG\p-dom.admin on 10/16/2019]]></Comment><GPODisplayName><![CDATA[STIG Windows Client (Win8)]]></GPODisplayName></BackupInst><BackupInst><GPOGuid><![CDATA[{CEA0D0BE-0F79-4AE0-A8D7-A2EDC0BA02BC}]]></GPOGuid><GPODomain><![CDATA[stig.lab]]></GPODomain><GPODomainGuid><![CDATA[{9ddb958d-7916-4557-ae47-eef7f4d41f28}]]></GPODomainGuid><GPODomainController><![CDATA[STIGDC16.stig.lab]]></GPODomainController><BackupTime><![CDATA[2019-10-16T17:49:04]]></BackupTime><ID><![CDATA[{6534ADC3-9EDB-443C-98DF-B9FA689DF244}]]></ID><Comment><![CDATA[Scripted backup created by STIG\p-dom.admin on 10/16/2019]]></Comment><GPODisplayName><![CDATA[F1 User Customizations and Deviations]]></GPODisplayName></BackupInst><BackupInst><GPOGuid><![CDATA[{CC923953-FFE0-4C1C-9B01-C9E19E438397}]]></GPOGuid><GPODomain><![CDATA[stig.lab]]></GPODomain><GPODomainGuid><![CDATA[{9ddb958d-7916-4557-ae47-eef7f4d41f28}]]></GPODomainGuid><GPODomainController><![CDATA[STIGDC16.stig.lab]]></GPODomainController><BackupTime><![CDATA[2019-10-16T17:49:04]]></BackupTime><ID><![CDATA[{D5E6C5AC-2007-4C66-94B5-13F1C0FF87E7}]]></ID><Comment><![CDATA[Scripted backup created by STIG\p-dom.admin on 10/16/2019]]></Comment><GPODisplayName><![CDATA[Customizations for ADFS]]></GPODisplayName></BackupInst><BackupInst><GPOGuid><![CDATA[{C94C1B9D-BBD4-490D-A2FD-192D5761A61D}]]></GPOGuid><GPODomain><![CDATA[stig.lab]]></GPODomain><GPODomainGuid><![CDATA[{9ddb958d-7916-4557-ae47-eef7f4d41f28}]]></GPODomainGuid><GPODomainController><![CDATA[STIGDC16.stig.lab]]></GPODomainController><BackupTime><![CDATA[2019-10-16T17:49:03]]></BackupTime><ID><![CDATA[{711EC947-D420-48F5-9903-4DA3AF83E3CE}]]></ID><Comment><![CDATA[Scripted backup created by STIG\p-dom.admin on 10/16/2019]]></Comment><GPODisplayName><![CDATA[DAC File Server Advanced Audiing]]></GPODisplayName></BackupInst><BackupInst><GPOGuid><![CDATA[{C7938952-9D1E-4ED5-9322-BE5F0E01C681}]]></GPOGuid><GPODomain><![CDATA[stig.lab]]></GPODomain><GPODomainGuid><![CDATA[{9ddb958d-7916-4557-ae47-eef7f4d41f28}]]></GPODomainGuid><GPODomainController><![CDATA[STIGDC16.stig.lab]]></GPODomainController><BackupTime><![CDATA[2019-10-16T17:49:02]]></BackupTime><ID><![CDATA[{50DD1476-483D-4652-80E7-2AB6ACE1325F}]]></ID><Comment><![CDATA[Scripted backup created by STIG\p-dom.admin on 10/16/2019]]></Comment><GPODisplayName><![CDATA[STIG Office 2013 Computer]]></GPODisplayName></BackupInst><BackupInst><GPOGuid><![CDATA[{C5039BDE-2114-4C5D-92F0-E1D7BA326436}]]></GPOGuid><GPODomain><![CDATA[stig.lab]]></GPODomain><GPODomainGuid><![CDATA[{9ddb958d-7916-4557-ae47-eef7f4d41f28}]]></GPODomainGuid><GPODomainController><![CDATA[STIGDC16.stig.lab]]></GPODomainController><BackupTime><![CDATA[2019-10-16T17:49:02]]></BackupTime><ID><![CDATA[{98010545-91B2-40FD-BD5E-662D4D121E84}]]></ID><Comment><![CDATA[Scripted backup created by STIG\p-dom.admin on 10/16/2019]]></Comment><GPODisplayName><![CDATA[W1 App8 Customizations and Deviations]]></GPODisplayName></BackupInst><BackupInst><GPOGuid><![CDATA[{C39A1DBD-4931-4970-8502-3D5AA9A0D2F6}]]></GPOGuid><GPODomain><![CDATA[stig.lab]]></GPODomain><GPODomainGuid><![CDATA[{9ddb958d-7916-4557-ae47-eef7f4d41f28}]]></GPODomainGuid><GPODomainController><![CDATA[STIGDC16.stig.lab]]></GPODomainController><BackupTime><![CDATA[2019-10-16T17:49:02]]></BackupTime><ID><![CDATA[{8F5A96B4-D022-44BE-9853-1E28484A53A1}]]></ID><Comment><![CDATA[Scripted backup created by STIG\p-dom.admin on 10/16/2019]]></Comment><GPODisplayName><![CDATA[Customizations and Deviations Domain Controllers]]></GPODisplayName></BackupInst><BackupInst><GPOGuid><![CDATA[{BD34B5C7-0578-41F4-92BB-93C1FE1A3A10}]]></GPOGuid><GPODomain><![CDATA[stig.lab]]></GPODomain><GPODomainGuid><![CDATA[{9ddb958d-7916-4557-ae47-eef7f4d41f28}]]></GPODomainGuid><GPODomainController><![CDATA[STIGDC16.stig.lab]]></GPODomainController><BackupTime><![CDATA[2019-10-16T17:49:01]]></BackupTime><ID><![CDATA[{6729C25E-E3CC-49E2-BFC0-B7889AA1412B}]]></ID><Comment><![CDATA[Scripted backup created by STIG\p-dom.admin on 10/16/2019]]></Comment><GPODisplayName><![CDATA[D1 Server Customizations and Deviations]]></GPODisplayName></BackupInst><BackupInst><GPOGuid><![CDATA[{B7BC4AD8-338E-44A4-88A9-4220E3DA0B37}]]></GPOGuid><GPODomain><![CDATA[stig.lab]]></GPODomain><GPODomainGuid><![CDATA[{9ddb958d-7916-4557-ae47-eef7f4d41f28}]]></GPODomainGuid><GPODomainController><![CDATA[STIGDC16.stig.lab]]></GPODomainController><BackupTime><![CDATA[2019-10-16T17:49:01]]></BackupTime><ID><![CDATA[{45B49CBD-DB36-4C0F-A547-E11E596035DF}]]></ID><Comment><![CDATA[Scripted backup created by STIG\p-dom.admin on 10/16/2019]]></Comment><GPODisplayName><![CDATA[B1 Client Customizations and Deviations]]></GPODisplayName></BackupInst><BackupInst><GPOGuid><![CDATA[{B2557C3E-EDC8-460C-AAF1-158DC30D9E4D}]]></GPOGuid><GPODomain><![CDATA[stig.lab]]></GPODomain><GPODomainGuid><![CDATA[{9ddb958d-7916-4557-ae47-eef7f4d41f28}]]></GPODomainGuid><GPODomainController><![CDATA[STIGDC16.stig.lab]]></GPODomainController><BackupTime><![CDATA[2019-10-16T17:49:01]]></BackupTime><ID><![CDATA[{90F8140C-F3FF-418E-AE7E-6F6FD86FCFEB}]]></ID><Comment><![CDATA[Scripted backup created by STIG\p-dom.admin on 10/16/2019]]></Comment><GPODisplayName><![CDATA[Customizations and Deviations Privileged Users (Clients)]]></GPODisplayName></BackupInst><BackupInst><GPOGuid><![CDATA[{A734A26C-DC16-4926-98C8-B6FBCDBF77D2}]]></GPOGuid><GPODomain><![CDATA[stig.lab]]></GPODomain><GPODomainGuid><![CDATA[{9ddb958d-7916-4557-ae47-eef7f4d41f28}]]></GPODomainGuid><GPODomainController><![CDATA[STIGDC16.stig.lab]]></GPODomainController><BackupTime><![CDATA[2019-10-16T17:49:01]]></BackupTime><ID><![CDATA[{16334BCE-FDF3-403F-9C81-060F6A672553}]]></ID><Comment><![CDATA[Scripted backup created by STIG\p-dom.admin on 10/16/2019]]></Comment><GPODisplayName><![CDATA[B1 Server Customizations and Deviations]]></GPODisplayName></BackupInst><BackupInst><GPOGuid><![CDATA[{A443CBA5-2A05-4F4E-A5A4-951D2782FF6F}]]></GPOGuid><GPODomain><![CDATA[stig.lab]]></GPODomain><GPODomainGuid><![CDATA[{9ddb958d-7916-4557-ae47-eef7f4d41f28}]]></GPODomainGuid><GPODomainController><![CDATA[STIGDC16.stig.lab]]></GPODomainController><BackupTime><![CDATA[2019-10-16T17:49:00]]></BackupTime><ID><![CDATA[{EA1FE15A-1443-4D40-BE9B-433EDD015647}]]></ID><Comment><![CDATA[Scripted backup created by STIG\p-dom.admin on 10/16/2019]]></Comment><GPODisplayName><![CDATA[STIG Windows Domain Controller (Server 2016)]]></GPODisplayName></BackupInst><BackupInst><GPOGuid><![CDATA[{A256F19A-7314-4C4E-9035-20DBEDBFD132}]]></GPOGuid><GPODomain><![CDATA[stig.lab]]></GPODomain><GPODomainGuid><![CDATA[{9ddb958d-7916-4557-ae47-eef7f4d41f28}]]></GPODomainGuid><GPODomainController><![CDATA[STIGDC16.stig.lab]]></GPODomainController><BackupTime><![CDATA[2019-10-16T17:49:00]]></BackupTime><ID><![CDATA[{6839F218-E79A-42A2-BE47-8B14D741F67F}]]></ID><Comment><![CDATA[Scripted backup created by STIG\p-dom.admin on 10/16/2019]]></Comment><GPODisplayName><![CDATA[J1 User Customizations and Deviations]]></GPODisplayName></BackupInst><BackupInst><GPOGuid><![CDATA[{9E7281E3-A98A-46E1-9FB2-D5EFA5937168}]]></GPOGuid><GPODomain><![CDATA[stig.lab]]></GPODomain><GPODomainGuid><![CDATA[{9ddb958d-7916-4557-ae47-eef7f4d41f28}]]></GPODomainGuid><GPODomainController><![CDATA[STIGDC16.stig.lab]]></GPODomainController><BackupTime><![CDATA[2019-10-16T17:48:59]]></BackupTime><ID><![CDATA[{781E4143-CEF1-4690-902E-C70B46C144D1}]]></ID><Comment><![CDATA[Scripted backup created by STIG\p-dom.admin on 10/16/2019]]></Comment><GPODisplayName><![CDATA[STIG Windows Domain Controller (Server 2016) April 2018]]></GPODisplayName></BackupInst><BackupInst><GPOGuid><![CDATA[{99A4C6CA-F9D4-4459-B23D-0D6C5A42822C}]]></GPOGuid><GPODomain><![CDATA[stig.lab]]></GPODomain><GPODomainGuid><![CDATA[{9ddb958d-7916-4557-ae47-eef7f4d41f28}]]></GPODomainGuid><GPODomainController><![CDATA[STIGDC16.stig.lab]]></GPODomainController><BackupTime><![CDATA[2019-10-16T17:48:59]]></BackupTime><ID><![CDATA[{5E6D9C51-2FCB-4014-935A-786411690DD8}]]></ID><Comment><![CDATA[Scripted backup created by STIG\p-dom.admin on 10/16/2019]]></Comment><GPODisplayName><![CDATA[T1 App5 Customizations and Deviations]]></GPODisplayName></BackupInst><BackupInst><GPOGuid><![CDATA[{97B75BE6-CD87-46AB-8D02-4F28C639F406}]]></GPOGuid><GPODomain><![CDATA[stig.lab]]></GPODomain><GPODomainGuid><![CDATA[{9ddb958d-7916-4557-ae47-eef7f4d41f28}]]></GPODomainGuid><GPODomainController><![CDATA[STIGDC16.stig.lab]]></GPODomainController><BackupTime><![CDATA[2019-10-16T17:48:58]]></BackupTime><ID><![CDATA[{6A2DD3D9-7C58-4C06-A2FF-6191640A8FFF}]]></ID><Comment><![CDATA[Scripted backup created by STIG\p-dom.admin on 10/16/2019]]></Comment><GPODisplayName><![CDATA[Enterprise SQL Customizations and Deviations]]></GPODisplayName></BackupInst><BackupInst><GPOGuid><![CDATA[{97822511-BCDF-4AC8-BDE3-0AEBD8817BC5}]]></GPOGuid><GPODomain><![CDATA[stig.lab]]></GPODomain><GPODomainGuid><![CDATA[{9ddb958d-7916-4557-ae47-eef7f4d41f28}]]></GPODomainGuid><GPODomainController><![CDATA[STIGDC16.stig.lab]]></GPODomainController><BackupTime><![CDATA[2019-10-16T17:48:58]]></BackupTime><ID><![CDATA[{6809A7AC-6774-4679-8EE3-7B219D61ECDC}]]></ID><Comment><![CDATA[Scripted backup created by STIG\p-dom.admin on 10/16/2019]]></Comment><GPODisplayName><![CDATA[T1 App7 Customizations and Deviations]]></GPODisplayName></BackupInst><BackupInst><GPOGuid><![CDATA[{9546C1FA-3C92-4A16-BDCD-83F59E373C15}]]></GPOGuid><GPODomain><![CDATA[stig.lab]]></GPODomain><GPODomainGuid><![CDATA[{9ddb958d-7916-4557-ae47-eef7f4d41f28}]]></GPODomainGuid><GPODomainController><![CDATA[STIGDC16.stig.lab]]></GPODomainController><BackupTime><![CDATA[2019-10-16T17:48:58]]></BackupTime><ID><![CDATA[{4E3D2B9E-4811-494A-9824-5704189D60A6}]]></ID><Comment><![CDATA[Scripted backup created by STIG\p-dom.admin on 10/16/2019]]></Comment><GPODisplayName><![CDATA[DAC Domain Controller Customizations]]></GPODisplayName></BackupInst><BackupInst><GPOGuid><![CDATA[{94F23B54-D3FB-404C-B000-17085DADD1FD}]]></GPOGuid><GPODomain><![CDATA[stig.lab]]></GPODomain><GPODomainGuid><![CDATA[{9ddb958d-7916-4557-ae47-eef7f4d41f28}]]></GPODomainGuid><GPODomainController><![CDATA[STIGDC16.stig.lab]]></GPODomainController><BackupTime><![CDATA[2019-10-16T17:48:57]]></BackupTime><ID><![CDATA[{ACBA94CA-2BF0-4A3F-BC51-C4EA913BB6AF}]]></ID><Comment><![CDATA[Scripted backup created by STIG\p-dom.admin on 10/16/2019]]></Comment><GPODisplayName><![CDATA[E1 App4 Customizations and Deviations]]></GPODisplayName></BackupInst><BackupInst><GPOGuid><![CDATA[{92338E03-D301-4CA3-B5A2-298128504376}]]></GPOGuid><GPODomain><![CDATA[stig.lab]]></GPODomain><GPODomainGuid><![CDATA[{9ddb958d-7916-4557-ae47-eef7f4d41f28}]]></GPODomainGuid><GPODomainController><![CDATA[STIGDC16.stig.lab]]></GPODomainController><BackupTime><![CDATA[2019-10-16T17:48:57]]></BackupTime><ID><![CDATA[{B80A53AB-1FC2-43F8-A99B-EBAC7634AA10}]]></ID><Comment><![CDATA[Scripted backup created by STIG\p-dom.admin on 10/16/2019]]></Comment><GPODisplayName><![CDATA[MSFT Security Baseline 2012 R2 MS]]></GPODisplayName></BackupInst><BackupInst><GPOGuid><![CDATA[{8CFE3D11-6226-4843-9A3C-6054DAA1FFAE}]]></GPOGuid><GPODomain><![CDATA[stig.lab]]></GPODomain><GPODomainGuid><![CDATA[{9ddb958d-7916-4557-ae47-eef7f4d41f28}]]></GPODomainGuid><GPODomainController><![CDATA[STIGDC16.stig.lab]]></GPODomainController><BackupTime><![CDATA[2019-10-16T17:48:56]]></BackupTime><ID><![CDATA[{8295AF3B-035C-441C-86F0-742D98D01F7D}]]></ID><Comment><![CDATA[Scripted backup created by STIG\p-dom.admin on 10/16/2019]]></Comment><GPODisplayName><![CDATA[Enterprise Exchange Customizations and Deviations]]></GPODisplayName></BackupInst><BackupInst><GPOGuid><![CDATA[{8C5C36F7-CE58-4E7E-B717-904C43FE6503}]]></GPOGuid><GPODomain><![CDATA[stig.lab]]></GPODomain><GPODomainGuid><![CDATA[{9ddb958d-7916-4557-ae47-eef7f4d41f28}]]></GPODomainGuid><GPODomainController><![CDATA[STIGDC16.stig.lab]]></GPODomainController><BackupTime><![CDATA[2019-10-16T17:48:56]]></BackupTime><ID><![CDATA[{1C035DFF-458C-4531-8560-1B5559A16220}]]></ID><Comment><![CDATA[Scripted backup created by STIG\p-dom.admin on 10/16/2019]]></Comment><GPODisplayName><![CDATA[PDCe Time Source]]></GPODisplayName></BackupInst><BackupInst><GPOGuid><![CDATA[{8B354033-1439-45F0-81A9-E5141C80A41D}]]></GPOGuid><GPODomain><![CDATA[stig.lab]]></GPODomain><GPODomainGuid><![CDATA[{9ddb958d-7916-4557-ae47-eef7f4d41f28}]]></GPODomainGuid><GPODomainController><![CDATA[STIGDC16.stig.lab]]></GPODomainController><BackupTime><![CDATA[2019-10-16T17:48:55]]></BackupTime><ID><![CDATA[{641E85A7-ECF8-43C1-B2FB-10C8325554F7}]]></ID><Comment><![CDATA[Scripted backup created by STIG\p-dom.admin on 10/16/2019]]></Comment><GPODisplayName><![CDATA[E1 Client Customizations and Deviations]]></GPODisplayName></BackupInst><BackupInst><GPOGuid><![CDATA[{8972648A-1F0B-4F16-A776-A7E78B2ED686}]]></GPOGuid><GPODomain><![CDATA[stig.lab]]></GPODomain><GPODomainGuid><![CDATA[{9ddb958d-7916-4557-ae47-eef7f4d41f28}]]></GPODomainGuid><GPODomainController><![CDATA[STIGDC16.stig.lab]]></GPODomainController><BackupTime><![CDATA[2019-10-16T17:48:55]]></BackupTime><ID><![CDATA[{7A09897C-1473-41D8-9ADE-4ABDBE791BB5}]]></ID><Comment><![CDATA[Scripted backup created by STIG\p-dom.admin on 10/16/2019]]></Comment><GPODisplayName><![CDATA[Customizations for Certificate Authority]]></GPODisplayName></BackupInst><BackupInst><GPOGuid><![CDATA[{83AA4A07-F00E-4AE8-A961-AE4034B1FD21}]]></GPOGuid><GPODomain><![CDATA[stig.lab]]></GPODomain><GPODomainGuid><![CDATA[{9ddb958d-7916-4557-ae47-eef7f4d41f28}]]></GPODomainGuid><GPODomainController><![CDATA[STIGDC16.stig.lab]]></GPODomainController><BackupTime><![CDATA[2019-10-16T17:48:55]]></BackupTime><ID><![CDATA[{3CA2EA01-CCA3-4C8D-B9ED-696D2D5ECF8D}]]></ID><Comment><![CDATA[Scripted backup created by STIG\p-dom.admin on 10/16/2019]]></Comment><GPODisplayName><![CDATA[Customizations for Web Servers]]></GPODisplayName></BackupInst><BackupInst><GPOGuid><![CDATA[{816910A4-C226-43E0-84B5-AC5E18533BB2}]]></GPOGuid><GPODomain><![CDATA[stig.lab]]></GPODomain><GPODomainGuid><![CDATA[{9ddb958d-7916-4557-ae47-eef7f4d41f28}]]></GPODomainGuid><GPODomainController><![CDATA[STIGDC16.stig.lab]]></GPODomainController><BackupTime><![CDATA[2019-10-16T17:48:54]]></BackupTime><ID><![CDATA[{0F939A43-4E4F-44C5-8C7D-8BEB4818CA53}]]></ID><Comment><![CDATA[Scripted backup created by STIG\p-dom.admin on 10/16/2019]]></Comment><GPODisplayName><![CDATA[E1 Server Customizations and Deviations]]></GPODisplayName></BackupInst><BackupInst><GPOGuid><![CDATA[{7C186F92-BCA9-41CC-8478-AA801BFF1699}]]></GPOGuid><GPODomain><![CDATA[stig.lab]]></GPODomain><GPODomainGuid><![CDATA[{9ddb958d-7916-4557-ae47-eef7f4d41f28}]]></GPODomainGuid><GPODomainController><![CDATA[STIGDC16.stig.lab]]></GPODomainController><BackupTime><![CDATA[2019-10-16T17:48:54]]></BackupTime><ID><![CDATA[{15166B5D-A40B-43DB-93F4-C8BE66DA8563}]]></ID><Comment><![CDATA[Scripted backup created by STIG\p-dom.admin on 10/16/2019]]></Comment><GPODisplayName><![CDATA[PKI updates for disconnected environment]]></GPODisplayName></BackupInst><BackupInst><GPOGuid><![CDATA[{7AF50E46-164E-40BA-9DCB-587429046D16}]]></GPOGuid><GPODomain><![CDATA[stig.lab]]></GPODomain><GPODomainGuid><![CDATA[{9ddb958d-7916-4557-ae47-eef7f4d41f28}]]></GPODomainGuid><GPODomainController><![CDATA[STIGDC16.stig.lab]]></GPODomainController><BackupTime><![CDATA[2019-10-16T17:48:52]]></BackupTime><ID><![CDATA[{D35A87D1-D697-40DB-9143-A189AA0DF07F}]]></ID><Comment><![CDATA[Scripted backup created by STIG\p-dom.admin on 10/16/2019]]></Comment><GPODisplayName><![CDATA[Delta Windows Client]]></GPODisplayName></BackupInst><BackupInst><GPOGuid><![CDATA[{77AD1C0E-1500-434A-AB38-3041A13624D6}]]></GPOGuid><GPODomain><![CDATA[stig.lab]]></GPODomain><GPODomainGuid><![CDATA[{9ddb958d-7916-4557-ae47-eef7f4d41f28}]]></GPODomainGuid><GPODomainController><![CDATA[STIGDC16.stig.lab]]></GPODomainController><BackupTime><![CDATA[2019-10-16T17:48:52]]></BackupTime><ID><![CDATA[{842F6EE5-85E1-45E5-9732-7189C4EA6D7C}]]></ID><Comment><![CDATA[Scripted backup created by STIG\p-dom.admin on 10/16/2019]]></Comment><GPODisplayName><![CDATA[F1 Client Customizations and Deviations]]></GPODisplayName></BackupInst><BackupInst><GPOGuid><![CDATA[{7244A232-0120-42F9-878C-B89751C772E4}]]></GPOGuid><GPODomain><![CDATA[stig.lab]]></GPODomain><GPODomainGuid><![CDATA[{9ddb958d-7916-4557-ae47-eef7f4d41f28}]]></GPODomainGuid><GPODomainController><![CDATA[STIGDC16.stig.lab]]></GPODomainController><BackupTime><![CDATA[2019-10-16T17:48:52]]></BackupTime><ID><![CDATA[{65D27761-E305-4A88-B665-E5AE2537DA81}]]></ID><Comment><![CDATA[Scripted backup created by STIG\p-dom.admin on 10/16/2019]]></Comment><GPODisplayName><![CDATA[Customizations for SQL]]></GPODisplayName></BackupInst><BackupInst><GPOGuid><![CDATA[{70FDF3D6-DB6B-479F-A451-E4E78131A8AC}]]></GPOGuid><GPODomain><![CDATA[stig.lab]]></GPODomain><GPODomainGuid><![CDATA[{9ddb958d-7916-4557-ae47-eef7f4d41f28}]]></GPODomainGuid><GPODomainController><![CDATA[STIGDC16.stig.lab]]></GPODomainController><BackupTime><![CDATA[2019-10-16T17:48:51]]></BackupTime><ID><![CDATA[{D8D51B57-5974-4789-9ECF-F27B71857736}]]></ID><Comment><![CDATA[Scripted backup created by STIG\p-dom.admin on 10/16/2019]]></Comment><GPODisplayName><![CDATA[W1 Server Customizations and Deviations]]></GPODisplayName></BackupInst><BackupInst><GPOGuid><![CDATA[{6F91458D-D951-4351-B603-1F36D7429A99}]]></GPOGuid><GPODomain><![CDATA[stig.lab]]></GPODomain><GPODomainGuid><![CDATA[{9ddb958d-7916-4557-ae47-eef7f4d41f28}]]></GPODomainGuid><GPODomainController><![CDATA[STIGDC16.stig.lab]]></GPODomainController><BackupTime><![CDATA[2019-10-16T17:48:51]]></BackupTime><ID><![CDATA[{2E3BE6F5-6447-4C49-A731-624BDB493EA1}]]></ID><Comment><![CDATA[Scripted backup created by STIG\p-dom.admin on 10/16/2019]]></Comment><GPODisplayName><![CDATA[Enterprise System Center Customizations and Deviations]]></GPODisplayName></BackupInst><BackupInst><GPOGuid><![CDATA[{6EAE793D-2323-4D7D-B384-8EE85B114CE5}]]></GPOGuid><GPODomain><![CDATA[stig.lab]]></GPODomain><GPODomainGuid><![CDATA[{9ddb958d-7916-4557-ae47-eef7f4d41f28}]]></GPODomainGuid><GPODomainController><![CDATA[STIGDC16.stig.lab]]></GPODomainController><BackupTime><![CDATA[2019-10-16T17:48:50]]></BackupTime><ID><![CDATA[{81BE090F-B979-4EFE-B365-F8BC169AEB88}]]></ID><Comment><![CDATA[Scripted backup created by STIG\p-dom.admin on 10/16/2019]]></Comment><GPODisplayName><![CDATA[STIG Windows Client (no-EMET Supplemental)]]></GPODisplayName></BackupInst><BackupInst><GPOGuid><![CDATA[{6AC1786C-016F-11D2-945F-00C04fB984F9}]]></GPOGuid><GPODomain><![CDATA[stig.lab]]></GPODomain><GPODomainGuid><![CDATA[{9ddb958d-7916-4557-ae47-eef7f4d41f28}]]></GPODomainGuid><GPODomainController><![CDATA[STIGDC16.stig.lab]]></GPODomainController><BackupTime><![CDATA[2019-10-16T17:48:50]]></BackupTime><ID><![CDATA[{A80EB110-E64A-457C-932B-5A9768DD9EC3}]]></ID><Comment><![CDATA[Scripted backup created by STIG\p-dom.admin on 10/16/2019]]></Comment><GPODisplayName><![CDATA[Default Domain Controllers Policy]]></GPODisplayName></BackupInst><BackupInst><GPOGuid><![CDATA[{6869E145-6994-46BF-AFE6-697AA731DA0C}]]></GPOGuid><GPODomain><![CDATA[stig.lab]]></GPODomain><GPODomainGuid><![CDATA[{9ddb958d-7916-4557-ae47-eef7f4d41f28}]]></GPODomainGuid><GPODomainController><![CDATA[STIGDC16.stig.lab]]></GPODomainController><BackupTime><![CDATA[2019-10-16T17:48:49]]></BackupTime><ID><![CDATA[{780012CD-90AF-4001-9A2C-D54FBCB95AA8}]]></ID><Comment><![CDATA[Scripted backup created by STIG\p-dom.admin on 10/16/2019]]></Comment><GPODisplayName><![CDATA[B1 App1 Customizations and Deviations]]></GPODisplayName></BackupInst><BackupInst><GPOGuid><![CDATA[{5B3E56F4-9714-4F03-A103-99EA2CE8F66A}]]></GPOGuid><GPODomain><![CDATA[stig.lab]]></GPODomain><GPODomainGuid><![CDATA[{9ddb958d-7916-4557-ae47-eef7f4d41f28}]]></GPODomainGuid><GPODomainController><![CDATA[STIGDC16.stig.lab]]></GPODomainController><BackupTime><![CDATA[2019-10-16T17:48:49]]></BackupTime><ID><![CDATA[{951196CF-B4FB-4CE6-B670-B61CE0C87726}]]></ID><Comment><![CDATA[Scripted backup created by STIG\p-dom.admin on 10/16/2019]]></Comment><GPODisplayName><![CDATA[F1 App3 Customizations and Deviations]]></GPODisplayName></BackupInst><BackupInst><GPOGuid><![CDATA[{55886DA4-986E-402D-96C2-E487CD7B017D}]]></GPOGuid><GPODomain><![CDATA[stig.lab]]></GPODomain><GPODomainGuid><![CDATA[{9ddb958d-7916-4557-ae47-eef7f4d41f28}]]></GPODomainGuid><GPODomainController><![CDATA[STIGDC16.stig.lab]]></GPODomainController><BackupTime><![CDATA[2019-10-16T17:48:48]]></BackupTime><ID><![CDATA[{C15725DA-73AE-41DB-A330-A2D6921E5E28}]]></ID><Comment><![CDATA[Scripted backup created by STIG\p-dom.admin on 10/16/2019]]></Comment><GPODisplayName><![CDATA[Enterprise Policy]]></GPODisplayName></BackupInst><BackupInst><GPOGuid><![CDATA[{54ED9246-E69D-4088-83A0-226DA73B2C97}]]></GPOGuid><GPODomain><![CDATA[stig.lab]]></GPODomain><GPODomainGuid><![CDATA[{9ddb958d-7916-4557-ae47-eef7f4d41f28}]]></GPODomainGuid><GPODomainController><![CDATA[STIGDC16.stig.lab]]></GPODomainController><BackupTime><![CDATA[2019-10-16T17:48:47]]></BackupTime><ID><![CDATA[{07321B7A-CF23-40B8-ABDA-8DF95287C5AF}]]></ID><Comment><![CDATA[Scripted backup created by STIG\p-dom.admin on 10/16/2019]]></Comment><GPODisplayName><![CDATA[STIG Windows Server (Server2012 R2)]]></GPODisplayName></BackupInst><BackupInst><GPOGuid><![CDATA[{4F7A9053-10C2-4A3A-BBA3-A1F3F729BA4F}]]></GPOGuid><GPODomain><![CDATA[stig.lab]]></GPODomain><GPODomainGuid><![CDATA[{9ddb958d-7916-4557-ae47-eef7f4d41f28}]]></GPODomainGuid><GPODomainController><![CDATA[STIGDC16.stig.lab]]></GPODomainController><BackupTime><![CDATA[2019-10-16T17:48:47]]></BackupTime><ID><![CDATA[{67637A58-7F95-463E-BA75-B34B56A48D9D}]]></ID><Comment><![CDATA[Scripted backup created by STIG\p-dom.admin on 10/16/2019]]></Comment><GPODisplayName><![CDATA[T1 Client Customizations and Deviations]]></GPODisplayName></BackupInst><BackupInst><GPOGuid><![CDATA[{4A255CE6-3880-487B-9B17-33083942F01C}]]></GPOGuid><GPODomain><![CDATA[stig.lab]]></GPODomain><GPODomainGuid><![CDATA[{9ddb958d-7916-4557-ae47-eef7f4d41f28}]]></GPODomainGuid><GPODomainController><![CDATA[STIGDC16.stig.lab]]></GPODomainController><BackupTime><![CDATA[2019-10-16T17:48:47]]></BackupTime><ID><![CDATA[{A6993741-9ABE-4B07-940C-6D325573D750}]]></ID><Comment><![CDATA[Scripted backup created by STIG\p-dom.admin on 10/16/2019]]></Comment><GPODisplayName><![CDATA[Customizations for Hyper-V]]></GPODisplayName></BackupInst><BackupInst><GPOGuid><![CDATA[{46CDAF42-D8D1-4C64-B4D5-451ADBD3310F}]]></GPOGuid><GPODomain><![CDATA[stig.lab]]></GPODomain><GPODomainGuid><![CDATA[{9ddb958d-7916-4557-ae47-eef7f4d41f28}]]></GPODomainGuid><GPODomainController><![CDATA[STIGDC16.stig.lab]]></GPODomainController><BackupTime><![CDATA[2019-10-16T17:48:46]]></BackupTime><ID><![CDATA[{5363759F-68BD-4ABA-8E1D-3A52D59AC11A}]]></ID><Comment><![CDATA[Scripted backup created by STIG\p-dom.admin on 10/16/2019]]></Comment><GPODisplayName><![CDATA[Government Mandates User]]></GPODisplayName></BackupInst><BackupInst><GPOGuid><![CDATA[{424002BC-2064-4237-B1CC-4C8633451B2D}]]></GPOGuid><GPODomain><![CDATA[stig.lab]]></GPODomain><GPODomainGuid><![CDATA[{9ddb958d-7916-4557-ae47-eef7f4d41f28}]]></GPODomainGuid><GPODomainController><![CDATA[STIGDC16.stig.lab]]></GPODomainController><BackupTime><![CDATA[2019-10-16T17:48:45]]></BackupTime><ID><![CDATA[{C12BE0C9-DC3A-4C54-AC91-188782ACDE47}]]></ID><Comment><![CDATA[Scripted backup created by STIG\p-dom.admin on 10/16/2019]]></Comment><GPODisplayName><![CDATA[Partial STIG Windows Client]]></GPODisplayName></BackupInst><BackupInst><GPOGuid><![CDATA[{41BCEE85-8E76-47E4-AB43-75342E247031}]]></GPOGuid><GPODomain><![CDATA[stig.lab]]></GPODomain><GPODomainGuid><![CDATA[{9ddb958d-7916-4557-ae47-eef7f4d41f28}]]></GPODomainGuid><GPODomainController><![CDATA[STIGDC16.stig.lab]]></GPODomainController><BackupTime><![CDATA[2019-10-16T17:48:45]]></BackupTime><ID><![CDATA[{870657B0-51AD-476A-83B9-F8A81459B025}]]></ID><Comment><![CDATA[Scripted backup created by STIG\p-dom.admin on 10/16/2019]]></Comment><GPODisplayName><![CDATA[Firewall Off]]></GPODisplayName></BackupInst><BackupInst><GPOGuid><![CDATA[{40C06005-D22E-416A-B739-5C5AEE3A3BE5}]]></GPOGuid><GPODomain><![CDATA[stig.lab]]></GPODomain><GPODomainGuid><![CDATA[{9ddb958d-7916-4557-ae47-eef7f4d41f28}]]></GPODomainGuid><GPODomainController><![CDATA[STIGDC16.stig.lab]]></GPODomainController><BackupTime><![CDATA[2019-10-16T17:48:44]]></BackupTime><ID><![CDATA[{9108D6DD-B47D-42D3-99CE-5E3F238AED70}]]></ID><Comment><![CDATA[Scripted backup created by STIG\p-dom.admin on 10/16/2019]]></Comment><GPODisplayName><![CDATA[DAC File Server Customizations]]></GPODisplayName></BackupInst><BackupInst><GPOGuid><![CDATA[{3DC13A45-6EB0-47D5-B589-5FF88FB40403}]]></GPOGuid><GPODomain><![CDATA[stig.lab]]></GPODomain><GPODomainGuid><![CDATA[{9ddb958d-7916-4557-ae47-eef7f4d41f28}]]></GPODomainGuid><GPODomainController><![CDATA[STIGDC16.stig.lab]]></GPODomainController><BackupTime><![CDATA[2019-10-16T17:48:44]]></BackupTime><ID><![CDATA[{F0C2B19C-5F4A-47FA-8653-0E95D1E59C6F}]]></ID><Comment><![CDATA[Scripted backup created by STIG\p-dom.admin on 10/16/2019]]></Comment><GPODisplayName><![CDATA[E1 App2 Customizations and Deviations]]></GPODisplayName></BackupInst><BackupInst><GPOGuid><![CDATA[{3884DA15-3BEA-4B39-96A4-2CE8257F8A63}]]></GPOGuid><GPODomain><![CDATA[stig.lab]]></GPODomain><GPODomainGuid><![CDATA[{9ddb958d-7916-4557-ae47-eef7f4d41f28}]]></GPODomainGuid><GPODomainController><![CDATA[STIGDC16.stig.lab]]></GPODomainController><BackupTime><![CDATA[2019-10-16T17:48:42]]></BackupTime><ID><![CDATA[{FE681D2D-C05D-43B5-906D-9A7EFE2C9E74}]]></ID><Comment><![CDATA[Scripted backup created by STIG\p-dom.admin on 10/16/2019]]></Comment><GPODisplayName><![CDATA[STIG Windows Server (Server 2008 R2)]]></GPODisplayName></BackupInst><BackupInst><GPOGuid><![CDATA[{37B36B1B-C6DE-499D-BD49-3CF29044C90E}]]></GPOGuid><GPODomain><![CDATA[stig.lab]]></GPODomain><GPODomainGuid><![CDATA[{9ddb958d-7916-4557-ae47-eef7f4d41f28}]]></GPODomainGuid><GPODomainController><![CDATA[STIGDC16.stig.lab]]></GPODomainController><BackupTime><![CDATA[2019-10-16T17:48:42]]></BackupTime><ID><![CDATA[{0BA079EA-0475-422F-A2D2-0A9B41F18095}]]></ID><Comment><![CDATA[Scripted backup created by STIG\p-dom.admin on 10/16/2019]]></Comment><GPODisplayName><![CDATA[D1 User Customizations and Deviations]]></GPODisplayName></BackupInst><BackupInst><GPOGuid><![CDATA[{34D3D619-9D8F-45E1-B052-F513B7B424B7}]]></GPOGuid><GPODomain><![CDATA[stig.lab]]></GPODomain><GPODomainGuid><![CDATA[{9ddb958d-7916-4557-ae47-eef7f4d41f28}]]></GPODomainGuid><GPODomainController><![CDATA[STIGDC16.stig.lab]]></GPODomainController><BackupTime><![CDATA[2019-10-16T17:48:41]]></BackupTime><ID><![CDATA[{DAD2BE7D-B336-42E2-BFBE-98B47304257C}]]></ID><Comment><![CDATA[Scripted backup created by STIG\p-dom.admin on 10/16/2019]]></Comment><GPODisplayName><![CDATA[Partial STIG Domain Controller]]></GPODisplayName></BackupInst><BackupInst><GPOGuid><![CDATA[{3270F450-6DDB-4098-B8F8-D6C0F5EC4B62}]]></GPOGuid><GPODomain><![CDATA[stig.lab]]></GPODomain><GPODomainGuid><![CDATA[{9ddb958d-7916-4557-ae47-eef7f4d41f28}]]></GPODomainGuid><GPODomainController><![CDATA[STIGDC16.stig.lab]]></GPODomainController><BackupTime><![CDATA[2019-10-16T17:48:41]]></BackupTime><ID><![CDATA[{2772841C-2CBC-4863-ABDF-231C753FEC11}]]></ID><Comment><![CDATA[Scripted backup created by STIG\p-dom.admin on 10/16/2019]]></Comment><GPODisplayName><![CDATA[Customizations and Deviations Privileged Users]]></GPODisplayName></BackupInst><BackupInst mfst:SIPresent="true"><GPOGuid><![CDATA[{31B2F340-016D-11D2-945F-00C04FB984F9}]]></GPOGuid><GPODomain><![CDATA[stig.lab]]></GPODomain><GPODomainGuid><![CDATA[{9ddb958d-7916-4557-ae47-eef7f4d41f28}]]></GPODomainGuid><GPODomainController><![CDATA[STIGDC16.stig.lab]]></GPODomainController><BackupTime><![CDATA[2019-10-16T17:48:40]]></BackupTime><ID><![CDATA[{D6A392C3-1931-492B-B532-7D681FC31FC6}]]></ID><Comment><![CDATA[Scripted backup created by STIG\p-dom.admin on 10/16/2019]]></Comment><GPODisplayName><![CDATA[Default Domain Policy]]></GPODisplayName></BackupInst><BackupInst><GPOGuid><![CDATA[{2E35BFF5-1F56-42DD-9F95-6841982BE18C}]]></GPOGuid><GPODomain><![CDATA[stig.lab]]></GPODomain><GPODomainGuid><![CDATA[{9ddb958d-7916-4557-ae47-eef7f4d41f28}]]></GPODomainGuid><GPODomainController><![CDATA[STIGDC16.stig.lab]]></GPODomainController><BackupTime><![CDATA[2019-10-16T17:48:40]]></BackupTime><ID><![CDATA[{D114277D-3AFA-4523-9BA9-FEF1099FC8B3}]]></ID><Comment><![CDATA[Scripted backup created by STIG\p-dom.admin on 10/16/2019]]></Comment><GPODisplayName><![CDATA[D1 App1 Customizations and Deviations]]></GPODisplayName></BackupInst><BackupInst><GPOGuid><![CDATA[{2B9379E9-EBED-4648-88E4-597D4E21E048}]]></GPOGuid><GPODomain><![CDATA[stig.lab]]></GPODomain><GPODomainGuid><![CDATA[{9ddb958d-7916-4557-ae47-eef7f4d41f28}]]></GPODomainGuid><GPODomainController><![CDATA[STIGDC16.stig.lab]]></GPODomainController><BackupTime><![CDATA[2019-10-16T17:48:40]]></BackupTime><ID><![CDATA[{53746492-6C28-4F35-A016-95D7323500B0}]]></ID><Comment><![CDATA[Scripted backup created by STIG\p-dom.admin on 10/16/2019]]></Comment><GPODisplayName><![CDATA[T1 User Customizations and Deviations]]></GPODisplayName></BackupInst><BackupInst><GPOGuid><![CDATA[{2986CE9E-9762-4F0D-8F40-9169A46C06E8}]]></GPOGuid><GPODomain><![CDATA[stig.lab]]></GPODomain><GPODomainGuid><![CDATA[{9ddb958d-7916-4557-ae47-eef7f4d41f28}]]></GPODomainGuid><GPODomainController><![CDATA[STIGDC16.stig.lab]]></GPODomainController><BackupTime><![CDATA[2019-10-16T17:48:38]]></BackupTime><ID><![CDATA[{834311E9-D04A-4900-AB14-18DEA1402107}]]></ID><Comment><![CDATA[Scripted backup created by STIG\p-dom.admin on 10/16/2019]]></Comment><GPODisplayName><![CDATA[STIG Windows Domain Controller (Server 2012 R2)]]></GPODisplayName></BackupInst><BackupInst><GPOGuid><![CDATA[{28C73D43-ECCF-4B67-907C-57213B2E1924}]]></GPOGuid><GPODomain><![CDATA[stig.lab]]></GPODomain><GPODomainGuid><![CDATA[{9ddb958d-7916-4557-ae47-eef7f4d41f28}]]></GPODomainGuid><GPODomainController><![CDATA[STIGDC16.stig.lab]]></GPODomainController><BackupTime><![CDATA[2019-10-16T17:48:38]]></BackupTime><ID><![CDATA[{195856D0-EC7F-486E-808F-CDE4961B9BC9}]]></ID><Comment><![CDATA[Scripted backup created by STIG\p-dom.admin on 10/16/2019]]></Comment><GPODisplayName><![CDATA[Customizations for SharePoint]]></GPODisplayName></BackupInst><BackupInst><GPOGuid><![CDATA[{286380A1-28BE-4BB3-9C01-832C8812D8E4}]]></GPOGuid><GPODomain><![CDATA[stig.lab]]></GPODomain><GPODomainGuid><![CDATA[{9ddb958d-7916-4557-ae47-eef7f4d41f28}]]></GPODomainGuid><GPODomainController><![CDATA[STIGDC16.stig.lab]]></GPODomainController><BackupTime><![CDATA[2019-10-16T17:48:36]]></BackupTime><ID><![CDATA[{F8B8262F-6B4B-4D26-94A6-BEA4F92F15CE}]]></ID><Comment><![CDATA[Scripted backup created by STIG\p-dom.admin on 10/16/2019]]></Comment><GPODisplayName><![CDATA[STIG Windows Client (Win10)]]></GPODisplayName></BackupInst><BackupInst><GPOGuid><![CDATA[{1F8D176D-5AFB-43BA-AAA6-F6EEBFDF91EB}]]></GPOGuid><GPODomain><![CDATA[stig.lab]]></GPODomain><GPODomainGuid><![CDATA[{9ddb958d-7916-4557-ae47-eef7f4d41f28}]]></GPODomainGuid><GPODomainController><![CDATA[STIGDC16.stig.lab]]></GPODomainController><BackupTime><![CDATA[2019-10-16T17:48:35]]></BackupTime><ID><![CDATA[{6E2D5DF9-80B4-46FD-9D93-76A1252BA92C}]]></ID><Comment><![CDATA[Scripted backup created by STIG\p-dom.admin on 10/16/2019]]></Comment><GPODisplayName><![CDATA[STIG Windows Server (Server 2016)]]></GPODisplayName></BackupInst><BackupInst><GPOGuid><![CDATA[{1F15F369-A11E-4A63-8CBF-FA0C8D0FC551}]]></GPOGuid><GPODomain><![CDATA[stig.lab]]></GPODomain><GPODomainGuid><![CDATA[{9ddb958d-7916-4557-ae47-eef7f4d41f28}]]></GPODomainGuid><GPODomainController><![CDATA[STIGDC16.stig.lab]]></GPODomainController><BackupTime><![CDATA[2019-10-16T17:48:35]]></BackupTime><ID><![CDATA[{AE3B6CB2-5591-4400-A3AF-17FDE7B9C5E3}]]></ID><Comment><![CDATA[Scripted backup created by STIG\p-dom.admin on 10/16/2019]]></Comment><GPODisplayName><![CDATA[Enterprise Cyber Customizations and Deviations]]></GPODisplayName></BackupInst><BackupInst><GPOGuid><![CDATA[{1BBB2CB6-154F-4FA9-92D1-BF33C0279368}]]></GPOGuid><GPODomain><![CDATA[stig.lab]]></GPODomain><GPODomainGuid><![CDATA[{9ddb958d-7916-4557-ae47-eef7f4d41f28}]]></GPODomainGuid><GPODomainController><![CDATA[STIGDC16.stig.lab]]></GPODomainController><BackupTime><![CDATA[2019-10-16T17:48:34]]></BackupTime><ID><![CDATA[{A02BA733-2A4A-4340-AF89-4D3FD3E9D8AB}]]></ID><Comment><![CDATA[Scripted backup created by STIG\p-dom.admin on 10/16/2019]]></Comment><GPODisplayName><![CDATA[B1 User Customizations and Deviations]]></GPODisplayName></BackupInst><BackupInst><GPOGuid><![CDATA[{1B4432EC-413F-45A3-B9DC-29CAC91CE957}]]></GPOGuid><GPODomain><![CDATA[stig.lab]]></GPODomain><GPODomainGuid><![CDATA[{9ddb958d-7916-4557-ae47-eef7f4d41f28}]]></GPODomainGuid><GPODomainController><![CDATA[STIGDC16.stig.lab]]></GPODomainController><BackupTime><![CDATA[2019-10-16T17:48:34]]></BackupTime><ID><![CDATA[{C6284A5C-8E40-4C40-A755-74F7650F7BDB}]]></ID><Comment><![CDATA[Scripted backup created by STIG\p-dom.admin on 10/16/2019]]></Comment><GPODisplayName><![CDATA[Customizations and Deviations Servers]]></GPODisplayName></BackupInst><BackupInst><GPOGuid><![CDATA[{1ADE9F45-0A6E-4723-BFD8-50302FE9443D}]]></GPOGuid><GPODomain><![CDATA[stig.lab]]></GPODomain><GPODomainGuid><![CDATA[{9ddb958d-7916-4557-ae47-eef7f4d41f28}]]></GPODomainGuid><GPODomainController><![CDATA[STIGDC16.stig.lab]]></GPODomainController><BackupTime><![CDATA[2019-10-16T17:48:33]]></BackupTime><ID><![CDATA[{8C5EA43A-1DA9-4F49-A40E-0FC01B2C14FF}]]></ID><Comment><![CDATA[Scripted backup created by STIG\p-dom.admin on 10/16/2019]]></Comment><GPODisplayName><![CDATA[Government Mandates Clients]]></GPODisplayName></BackupInst><BackupInst><GPOGuid><![CDATA[{134EBEDF-4AAD-4178-A7E1-E2DBC399EEAF}]]></GPOGuid><GPODomain><![CDATA[stig.lab]]></GPODomain><GPODomainGuid><![CDATA[{9ddb958d-7916-4557-ae47-eef7f4d41f28}]]></GPODomainGuid><GPODomainController><![CDATA[STIGDC16.stig.lab]]></GPODomainController><BackupTime><![CDATA[2019-10-16T17:48:33]]></BackupTime><ID><![CDATA[{A47B22A6-7642-461D-8F66-58C7076A9A6B}]]></ID><Comment><![CDATA[Scripted backup created by STIG\p-dom.admin on 10/16/2019]]></Comment><GPODisplayName><![CDATA[STIG Internet Explorer Computer]]></GPODisplayName></BackupInst><BackupInst><GPOGuid><![CDATA[{1119DE67-1873-4533-977F-275D6D33D381}]]></GPOGuid><GPODomain><![CDATA[stig.lab]]></GPODomain><GPODomainGuid><![CDATA[{9ddb958d-7916-4557-ae47-eef7f4d41f28}]]></GPODomainGuid><GPODomainController><![CDATA[STIGDC16.stig.lab]]></GPODomainController><BackupTime><![CDATA[2019-10-16T17:48:33]]></BackupTime><ID><![CDATA[{96D04BF7-DFB8-40DF-92AB-8CDED2739FB2}]]></ID><Comment><![CDATA[Scripted backup created by STIG\p-dom.admin on 10/16/2019]]></Comment><GPODisplayName><![CDATA[E1 User Customizations and Deviations]]></GPODisplayName></BackupInst><BackupInst><GPOGuid><![CDATA[{0F56B038-0AB9-4003-B678-0BE4238054EA}]]></GPOGuid><GPODomain><![CDATA[stig.lab]]></GPODomain><GPODomainGuid><![CDATA[{9ddb958d-7916-4557-ae47-eef7f4d41f28}]]></GPODomainGuid><GPODomainController><![CDATA[STIGDC16.stig.lab]]></GPODomainController><BackupTime><![CDATA[2019-10-16T17:48:32]]></BackupTime><ID><![CDATA[{AE053ABA-FE52-45CB-9F90-0501519033D1}]]></ID><Comment><![CDATA[Scripted backup created by STIG\p-dom.admin on 10/16/2019]]></Comment><GPODisplayName><![CDATA[Government Mandated IAVAs]]></GPODisplayName></BackupInst><BackupInst><GPOGuid><![CDATA[{0B107C09-9B96-46D8-BB13-54DA48EBB080}]]></GPOGuid><GPODomain><![CDATA[stig.lab]]></GPODomain><GPODomainGuid><![CDATA[{9ddb958d-7916-4557-ae47-eef7f4d41f28}]]></GPODomainGuid><GPODomainController><![CDATA[STIGDC16.stig.lab]]></GPODomainController><BackupTime><![CDATA[2019-10-16T17:48:32]]></BackupTime><ID><![CDATA[{0766564C-15A3-45E5-B6FB-E8ADE69DAD58}]]></ID><Comment><![CDATA[Scripted backup created by STIG\p-dom.admin on 10/16/2019]]></Comment><GPODisplayName><![CDATA[STIG Windows Firewall]]></GPODisplayName></BackupInst><BackupInst><GPOGuid><![CDATA[{0786E4FD-291B-4DC0-8C1B-E9AA5FEE8A33}]]></GPOGuid><GPODomain><![CDATA[stig.lab]]></GPODomain><GPODomainGuid><![CDATA[{9ddb958d-7916-4557-ae47-eef7f4d41f28}]]></GPODomainGuid><GPODomainController><![CDATA[STIGDC16.stig.lab]]></GPODomainController><BackupTime><![CDATA[2019-10-16T17:48:31]]></BackupTime><ID><![CDATA[{D1C251E6-3E82-4942-82A3-E7F7892FA6A5}]]></ID><Comment><![CDATA[Scripted backup created by STIG\p-dom.admin on 10/16/2019]]></Comment><GPODisplayName><![CDATA[STIG Office 2013 User]]></GPODisplayName></BackupInst><BackupInst><GPOGuid><![CDATA[{070DBDC4-647F-47EC-82D9-4260598A5F9E}]]></GPOGuid><GPODomain><![CDATA[stig.lab]]></GPODomain><GPODomainGuid><![CDATA[{9ddb958d-7916-4557-ae47-eef7f4d41f28}]]></GPODomainGuid><GPODomainController><![CDATA[STIGDC16.stig.lab]]></GPODomainController><BackupTime><![CDATA[2019-10-16T17:48:30]]></BackupTime><ID><![CDATA[{72EAF068-8DAD-4826-AFB6-9E3EE588C1B4}]]></ID><Comment><![CDATA[Scripted backup created by STIG\p-dom.admin on 10/16/2019]]></Comment><GPODisplayName><![CDATA[STIG User]]></GPODisplayName></BackupInst><BackupInst><GPOGuid><![CDATA[{05AF69B0-23B9-4545-A3A9-25564D1F7652}]]></GPOGuid><GPODomain><![CDATA[stig.lab]]></GPODomain><GPODomainGuid><![CDATA[{9ddb958d-7916-4557-ae47-eef7f4d41f28}]]></GPODomainGuid><GPODomainController><![CDATA[STIGDC16.stig.lab]]></GPODomainController><BackupTime><![CDATA[2019-10-16T17:48:30]]></BackupTime><ID><![CDATA[{309BC070-C1A9-4BD1-87C3-4BF3FAEB0A41}]]></ID><Comment><![CDATA[Scripted backup created by STIG\p-dom.admin on 10/16/2019]]></Comment><GPODisplayName><![CDATA[F1 Server Customizations and Deviations]]></GPODisplayName></BackupInst><BackupInst><GPOGuid><![CDATA[{043FC8EA-9406-4D77-8468-CA0156DBD085}]]></GPOGuid><GPODomain><![CDATA[stig.lab]]></GPODomain><GPODomainGuid><![CDATA[{9ddb958d-7916-4557-ae47-eef7f4d41f28}]]></GPODomainGuid><GPODomainController><![CDATA[STIGDC16.stig.lab]]></GPODomainController><BackupTime><![CDATA[2019-10-16T17:48:30]]></BackupTime><ID><![CDATA[{28272148-9D0B-4F2D-8F7D-04A75B6F5860}]]></ID><Comment><![CDATA[Scripted backup created by STIG\p-dom.admin on 10/16/2019]]></Comment><GPODisplayName><![CDATA[STIG Internet Explorer User]]></GPODisplayName></BackupInst><BackupInst><GPOGuid><![CDATA[{0415250F-85CE-4F41-91A3-67CA39DC8EBD}]]></GPOGuid><GPODomain><![CDATA[stig.lab]]></GPODomain><GPODomainGuid><![CDATA[{9ddb958d-7916-4557-ae47-eef7f4d41f28}]]></GPODomainGuid><GPODomainController><![CDATA[STIGDC16.stig.lab]]></GPODomainController><BackupTime><![CDATA[2019-10-16T17:48:28]]></BackupTime><ID><![CDATA[{4151221B-2639-403E-A6F5-72BB39DB855A}]]></ID><Comment><![CDATA[Scripted backup created by STIG\p-dom.admin on 10/16/2019]]></Comment><GPODisplayName><![CDATA[J1 App6 Customizations and Deviations]]></GPODisplayName></BackupInst><BackupInst><GPOGuid><![CDATA[{00EBF044-4C37-431F-AE45-6285894CE3E5}]]></GPOGuid><GPODomain><![CDATA[stig.lab]]></GPODomain><GPODomainGuid><![CDATA[{9ddb958d-7916-4557-ae47-eef7f4d41f28}]]></GPODomainGuid><GPODomainController><![CDATA[STIGDC16.stig.lab]]></GPODomainController><BackupTime><![CDATA[2019-10-16T17:47:46]]></BackupTime><ID><![CDATA[{9B4D0B21-A60C-4C80-A6A5-E81F35DE07C5}]]></ID><Comment><![CDATA[Scripted backup created by STIG\p-dom.admin on 10/16/2019]]></Comment><GPODisplayName><![CDATA[STIG Windows Client (Win10) April 2018]]></GPODisplayName></BackupInst></Backups>