<BackupInst xmlns="http://www.microsoft.com/GroupPolicy/GPOOperations/Manifest"><GPOGuid><![CDATA[{EF587242-D819-42F7-A9B5-FCF229D1430B}]]></GPOGuid><GPODomain><![CDATA[stig.lab]]></GPODomain><GPODomainGuid><![CDATA[{9ddb958d-7916-4557-ae47-eef7f4d41f28}]]></GPODomainGuid><GPODomainController><![CDATA[STIGDC16.stig.lab]]></GPODomainController><BackupTime><![CDATA[2019-10-16T17:49:11]]></BackupTime><ID><![CDATA[{3D90EAA8-4F62-43D4-88A1-5367EA648598}]]></ID><Comment><![CDATA[Scripted backup created by STIG\p-dom.admin on 10/16/2019]]></Comment><GPODisplayName><![CDATA[Customizations and Deviations Privileged Users (Infrastructure)]]></GPODisplayName></BackupInst>
