<?xml version="1.0" encoding="utf-8"?>
<Groups clsid="{3125E937-EB16-4b4c-9934-544FC6D24D26}"><Group clsid="{6D4A79E4-529C-4481-ABD0-F5BD7EA93BA7}" name="Administrators (built-in)" image="2" changed="2016-02-25 02:30:16" uid="{6637203D-ADD7-41E0-9DB3-B224284EF710}"><Properties action="U" newName="" description="" deleteAllUsers="1" deleteAllGroups="1" removeAccounts="0" groupSid="S-1-5-32-544" groupName="Administrators (built-in)"><Members><Member name="STIG\Auditors" action="ADD" sid="S-1-5-21-1935628470-3725585337-1170168756-1107"/><Member name="STIG\Client_Admins" action="ADD" sid="S-1-5-21-1935628470-3725585337-1170168756-1109"/></Members></Properties></Group>
</Groups>
