<?xml version="1.0" encoding="utf-8"?><!-- Copyright (c) Microsoft Corporation.  All rights reserved. --><GroupPolicyBackupScheme bkp:version="2.0" bkp:type="GroupPolicyBackupTemplate" xmlns:bkp="http://www.microsoft.com/GroupPolicy/GPOOperations" xmlns="http://www.microsoft.com/GroupPolicy/GPOOperations">
    <GroupPolicyObject><SecurityGroups><Group bkp:Source="FromDACL"><Sid><![CDATA[S-1-5-21-1935628470-3725585337-1170168756-512]]></Sid><SamAccountName><![CDATA[Domain Admins]]></SamAccountName><Type><![CDATA[GlobalGroup]]></Type><NetBIOSDomainName><![CDATA[STIG]]></NetBIOSDomainName><DnsDomainName><![CDATA[stig.lab]]></DnsDomainName><UPN><![CDATA[Domain Admins@stig.lab]]></UPN></Group><Group bkp:Source="FromDACL"><Sid><![CDATA[S-1-5-21-1935628470-3725585337-1170168756-519]]></Sid><SamAccountName><![CDATA[Enterprise Admins]]></SamAccountName><Type><![CDATA[UniversalGroup]]></Type><NetBIOSDomainName><![CDATA[STIG]]></NetBIOSDomainName><DnsDomainName><![CDATA[stig.lab]]></DnsDomainName><UPN><![CDATA[Enterprise Admins@stig.lab]]></UPN></Group></SecurityGroups><FilePaths/><GroupPolicyCoreSettings><ID><![CDATA[{31B2F340-016D-11D2-945F-00C04FB984F9}]]></ID><Domain><![CDATA[stig.lab]]></Domain><SecurityDescriptor>01 00 04 9c 00 00 00 00 00 00 00 00 00 00 00 00 14 00 00 00 04 00 24 01 0a 00 00 00 05 03 28 00 00 01 00 00 01 00 00 00 8f fd ac ed b3 ff d1 11 b4 1d 00 a0 c9 68 f9 39 01 01 00 00 00 00 00 05 0b 00 00 00 00 00 24 00 ff 00 0f 00 01 05 00 00 00 00 00 05 15 00 00 00 b6 58 5f 73 b9 eb 0f de b4 5b bf 45 00 02 00 00 00 00 24 00 ff 00 0f 00 01 05 00 00 00 00 00 05 15 00 00 00 b6 58 5f 73 b9 eb 0f de b4 5b bf 45 07 02 00 00 00 0b 24 00 ff 00 1f 00 01 05 00 00 00 00 00 05 15 00 00 00 b6 58 5f 73 b9 eb 0f de b4 5b bf 45 00 02 00 00 00 0b 24 00 ff 00 1f 00 01 05 00 00 00 00 00 05 15 00 00 00 b6 58 5f 73 b9 eb 0f de b4 5b bf 45 07 02 00 00 00 00 14 00 ff 00 0f 00 01 01 00 00 00 00 00 05 12 00 00 00 00 03 14 00 14 00 02 00 01 01 00 00 00 00 00 05 09 00 00 00 00 03 14 00 14 00 02 00 01 01 00 00 00 00 00 05 0b 00 00 00 00 0a 14 00 ff 00 1f 01 01 01 00 00 00 00 00 03 00 00 00 00 00 0b 14 00 ff 00 1f 01 01 01 00 00 00 00 00 05 12 00 00 00</SecurityDescriptor><DisplayName><![CDATA[Default Domain Policy]]></DisplayName><Options><![CDATA[0]]></Options><UserVersionNumber><![CDATA[262148]]></UserVersionNumber><MachineVersionNumber><![CDATA[2097184]]></MachineVersionNumber><MachineExtensionGuids><![CDATA[[{35378EAC-683F-11D2-A89A-00C04FBBCFA2}{53D6AB1B-2488-11D1-A28C-00C04FB94F17}{53D6AB1D-2488-11D1-A28C-00C04FB94F17}{B05566AC-FE9C-4368-BE01-7A4CBB6CBA11}{D02B1F72-3407-48AE-BA88-E8213C6761F1}][{4CFB60C1-FAA6-47F1-89AA-0B18730C9FD3}{D02B1F72-3407-48AE-BA88-E8213C6761F1}][{827D319E-6EAC-11D2-A4EA-00C04F79F83A}{803E14A0-B4FB-11D0-A0D0-00A0C90F574B}][{B1BE8D72-6EAC-11D2-A4EA-00C04F79F83A}{53D6AB1B-2488-11D1-A28C-00C04FB94F17}{53D6AB1D-2488-11D1-A28C-00C04FB94F17}][{C6DC5466-785A-11D2-84D0-00C04FB169F7}{942A8E4F-A261-11D1-A760-00C04FB9603F}]]]></MachineExtensionGuids><UserExtensionGuids/><WMIFilter/></GroupPolicyCoreSettings> 
        <GroupPolicyExtension bkp:ID="{35378EAC-683F-11D2-A89A-00C04FBBCFA2}" bkp:DescName="Registry">
            <FSObjectFile bkp:Path="%GPO_MACH_FSPATH%\registry.pol" bkp:SourceExpandedPath="\\STIGDC16.stig.lab\sysvol\stig.lab\Policies\{31B2F340-016D-11D2-945F-00C04FB984F9}\Machine\registry.pol" bkp:Location="DomainSysvol\GPO\Machine\registry.pol"/>
            
            <FSObjectFile bkp:Path="%GPO_FSPATH%\Adm\*.*" bkp:SourceExpandedPath="\\STIGDC16.stig.lab\sysvol\stig.lab\Policies\{31B2F340-016D-11D2-945F-00C04FB984F9}\Adm\*.*"/>
        </GroupPolicyExtension>
        
        
        
        
        <GroupPolicyExtension bkp:ID="{827D319E-6EAC-11D2-A4EA-00C04F79F83A}" bkp:DescName="Security">
            <FSObjectFile bkp:Path="%GPO_MACH_FSPATH%\microsoft\windows nt\SecEdit\GptTmpl.inf" bkp:SourceExpandedPath="\\STIGDC16.stig.lab\sysvol\stig.lab\Policies\{31B2F340-016D-11D2-945F-00C04FB984F9}\Machine\microsoft\windows nt\SecEdit\GptTmpl.inf" bkp:ReEvaluateFunction="SecurityValidateSettings" bkp:Location="DomainSysvol\GPO\Machine\microsoft\windows nt\SecEdit\GptTmpl.inf"/>
        </GroupPolicyExtension>
        
        
        
        <GroupPolicyExtension bkp:ID="{c6dc5466-785a-11d2-84d0-00c04fb169f7}" bkp:DescName="Software Installation">
            
        <DSObject bkp:Path="cn=Class Store,%GPO_MACH_DSPATH%" bkp:ObjectClass="classStore" bkp:SourceExpandedPath="cn=Class Store,cn=Machine,cn={31B2F340-016D-11D2-945F-00C04FB984F9},CN=Policies,CN=System,DC=stig,DC=lab">
                <DSObject bkp:Path="cn=Packages,cn=Class Store,%GPO_MACH_DSPATH%" bkp:ObjectClass="classStore" bkp:SourceExpandedPath="cn=Packages,cn=Class Store,cn=Machine,cn={31B2F340-016D-11D2-945F-00C04FB984F9},CN=Policies,CN=System,DC=stig,DC=lab">
                    <DSObject bkp:Path="*,cn=Packages,cn=Class Store,%GPO_MACH_DSPATH%" bkp:ObjectClass="packageRegistration" bkp:SourceExpandedPath="*,cn=Packages,cn=Class Store,cn=Machine,cn={31B2F340-016D-11D2-945F-00C04FB984F9},CN=Policies,CN=System,DC=stig,DC=lab" bkp:ReEvaluateFunction="SIProcessAllPackageObjects">
                        <SecurityDescriptor/>
                        <DSAttributeBinary bkp:DSAttrName="objectGUID"/>
                        <DSAttributeMultiString bkp:DSAttrName="cOMClassID"/>
                        <DSAttributeMultiString bkp:DSAttrName="cOMProgID"/>
                        <DSAttributeMultiString bkp:DSAttrName="fileExtPriority"/>
                        <DSAttributeMultiDWORD bkp:DSAttrName="localeID"/>
                        <DSAttributeMultiDWORD bkp:DSAttrName="machineArchitecture"/>
                        <DSAttributeDWORD bkp:DSAttrName="versionNumberHi"/>
                        <DSAttributeDWORD bkp:DSAttrName="versionNumberLo"/>
                        <DSAttributeDWORD bkp:DSAttrName="revision"/>
                        <DSAttributeDWORD bkp:DSAttrName="packageType"/>
                        <DSAttributeDWORD bkp:DSAttrName="packageFlags"/>
                        <DSAttributeString bkp:DSAttrName="packageName"/>
                        <DSAttributeString bkp:DSAttrName="msiScriptPath"/>
                        <DSAttributeString bkp:DSAttrName="msiScriptName"/>
                        <DSAttributeDWORD bkp:DSAttrName="msiScriptSize"/>
                        <DSAttributeMultiString bkp:DSAttrName="url"/>
                        <DSAttributeString bkp:DSAttrName="setupCommand"/>
                        <DSAttributeString bkp:DSAttrName="lastUpdateSequence"/>
                        <DSAttributeMultiString bkp:DSAttrName="msiFileList"/>
                        <DSAttributeMultiString bkp:DSAttrName="categories"/>
                        <DSAttributeMultiString bkp:DSAttrName="canUpgradeScript"/>
                        <DSAttributeDWORD bkp:DSAttrName="installUiLevel"/>
                        <DSAttributeBinary bkp:DSAttrName="msiScript"/>
                        <DSAttributeString bkp:DSAttrName="displayName"/>
                        <DSAttributeBinary bkp:DSAttrName="productCode"/>
                        <DSAttributeBinary bkp:DSAttrName="upgradeProductCode"/>
                        <DSAttributeString bkp:DSAttrName="Vendor"/>
                    </DSObject>
                </DSObject>
                <DSAttributeDWORD bkp:DSAttrName="appSchemaVersion"><DSValue><![CDATA[1740]]></DSValue></DSAttributeDWORD>
                <DSAttributeString bkp:DSAttrName="extensionName"><DSValue><![CDATA[Default Domain Policy]]></DSValue></DSAttributeString>
                <DSAttributeString bkp:DSAttrName="description"><DSValue><![CDATA[Application Store]]></DSValue></DSAttributeString>
                <DSAttributeExpandedString bkp:DSAttrName="displayName">
                    <DSValue>LDAP://%GPO_DSPATH%</DSValue>
                </DSAttributeExpandedString>
            </DSObject>
        </GroupPolicyExtension>
    <GroupPolicyExtension bkp:ID="{F15C46CD-82A0-4C2D-A210-5D0D3182A418}" bkp:DescName="Unknown Extension"><FSObjectDir bkp:Path="%GPO_MACH_FSPATH%\Applications" bkp:SourceExpandedPath="\\STIGDC16.stig.lab\sysvol\stig.lab\Policies\{31B2F340-016D-11D2-945F-00C04FB984F9}\MACHINE\Applications" bkp:Location="DomainSysvol\GPO\Machine\Applications"/><FSObjectFile bkp:Path="%GPO_MACH_FSPATH%\comment.cmtx" bkp:SourceExpandedPath="\\STIGDC16.stig.lab\sysvol\stig.lab\Policies\{31B2F340-016D-11D2-945F-00C04FB984F9}\MACHINE\comment.cmtx" bkp:Location="DomainSysvol\GPO\Machine\comment.cmtx"/><FSObjectDir bkp:Path="%GPO_MACH_FSPATH%\Microsoft" bkp:SourceExpandedPath="\\STIGDC16.stig.lab\sysvol\stig.lab\Policies\{31B2F340-016D-11D2-945F-00C04FB984F9}\MACHINE\Microsoft" bkp:Location="DomainSysvol\GPO\Machine\Microsoft"/><FSObjectDir bkp:Path="%GPO_MACH_FSPATH%\Microsoft\Windows NT" bkp:SourceExpandedPath="\\STIGDC16.stig.lab\sysvol\stig.lab\Policies\{31B2F340-016D-11D2-945F-00C04FB984F9}\MACHINE\Microsoft\Windows NT" bkp:Location="DomainSysvol\GPO\Machine\Microsoft\Windows NT"/><FSObjectDir bkp:Path="%GPO_MACH_FSPATH%\Microsoft\Windows NT\SecEdit" bkp:SourceExpandedPath="\\STIGDC16.stig.lab\sysvol\stig.lab\Policies\{31B2F340-016D-11D2-945F-00C04FB984F9}\MACHINE\Microsoft\Windows NT\SecEdit" bkp:Location="DomainSysvol\GPO\Machine\Microsoft\Windows NT\SecEdit"/><FSObjectDir bkp:Path="%GPO_MACH_FSPATH%\Preferences" bkp:SourceExpandedPath="\\STIGDC16.stig.lab\sysvol\stig.lab\Policies\{31B2F340-016D-11D2-945F-00C04FB984F9}\MACHINE\Preferences" bkp:Location="DomainSysvol\GPO\Machine\Preferences"/><FSObjectDir bkp:Path="%GPO_MACH_FSPATH%\Preferences\Files" bkp:SourceExpandedPath="\\STIGDC16.stig.lab\sysvol\stig.lab\Policies\{31B2F340-016D-11D2-945F-00C04FB984F9}\MACHINE\Preferences\Files" bkp:Location="DomainSysvol\GPO\Machine\Preferences\Files"/><FSObjectDir bkp:Path="%GPO_MACH_FSPATH%\Preferences\Folders" bkp:SourceExpandedPath="\\STIGDC16.stig.lab\sysvol\stig.lab\Policies\{31B2F340-016D-11D2-945F-00C04FB984F9}\MACHINE\Preferences\Folders" bkp:Location="DomainSysvol\GPO\Machine\Preferences\Folders"/><FSObjectDir bkp:Path="%GPO_MACH_FSPATH%\Preferences\Registry" bkp:SourceExpandedPath="\\STIGDC16.stig.lab\sysvol\stig.lab\Policies\{31B2F340-016D-11D2-945F-00C04FB984F9}\MACHINE\Preferences\Registry" bkp:Location="DomainSysvol\GPO\Machine\Preferences\Registry"/><FSObjectDir bkp:Path="%GPO_MACH_FSPATH%\Scripts" bkp:SourceExpandedPath="\\STIGDC16.stig.lab\sysvol\stig.lab\Policies\{31B2F340-016D-11D2-945F-00C04FB984F9}\MACHINE\Scripts" bkp:Location="DomainSysvol\GPO\Machine\Scripts"/><FSObjectDir bkp:Path="%GPO_MACH_FSPATH%\Scripts\Shutdown" bkp:SourceExpandedPath="\\STIGDC16.stig.lab\sysvol\stig.lab\Policies\{31B2F340-016D-11D2-945F-00C04FB984F9}\MACHINE\Scripts\Shutdown" bkp:Location="DomainSysvol\GPO\Machine\Scripts\Shutdown"/><FSObjectDir bkp:Path="%GPO_MACH_FSPATH%\Scripts\Startup" bkp:SourceExpandedPath="\\STIGDC16.stig.lab\sysvol\stig.lab\Policies\{31B2F340-016D-11D2-945F-00C04FB984F9}\MACHINE\Scripts\Startup" bkp:Location="DomainSysvol\GPO\Machine\Scripts\Startup"/><FSObjectDir bkp:Path="%GPO_USER_FSPATH%\Documents &amp; Settings" bkp:SourceExpandedPath="\\STIGDC16.stig.lab\sysvol\stig.lab\Policies\{31B2F340-016D-11D2-945F-00C04FB984F9}\USER\Documents &amp; Settings" bkp:Location="DomainSysvol\GPO\User\Documents &amp; Settings"/><FSObjectDir bkp:Path="%GPO_USER_FSPATH%\Preferences" bkp:SourceExpandedPath="\\STIGDC16.stig.lab\sysvol\stig.lab\Policies\{31B2F340-016D-11D2-945F-00C04FB984F9}\USER\Preferences" bkp:Location="DomainSysvol\GPO\User\Preferences"/><FSObjectDir bkp:Path="%GPO_USER_FSPATH%\Preferences\Drives" bkp:SourceExpandedPath="\\STIGDC16.stig.lab\sysvol\stig.lab\Policies\{31B2F340-016D-11D2-945F-00C04FB984F9}\USER\Preferences\Drives" bkp:Location="DomainSysvol\GPO\User\Preferences\Drives"/><FSObjectDir bkp:Path="%GPO_USER_FSPATH%\Scripts" bkp:SourceExpandedPath="\\STIGDC16.stig.lab\sysvol\stig.lab\Policies\{31B2F340-016D-11D2-945F-00C04FB984F9}\USER\Scripts" bkp:Location="DomainSysvol\GPO\User\Scripts"/><FSObjectDir bkp:Path="%GPO_USER_FSPATH%\Scripts\Logoff" bkp:SourceExpandedPath="\\STIGDC16.stig.lab\sysvol\stig.lab\Policies\{31B2F340-016D-11D2-945F-00C04FB984F9}\USER\Scripts\Logoff" bkp:Location="DomainSysvol\GPO\User\Scripts\Logoff"/><FSObjectDir bkp:Path="%GPO_USER_FSPATH%\Scripts\Logon" bkp:SourceExpandedPath="\\STIGDC16.stig.lab\sysvol\stig.lab\Policies\{31B2F340-016D-11D2-945F-00C04FB984F9}\USER\Scripts\Logon" bkp:Location="DomainSysvol\GPO\User\Scripts\Logon"/></GroupPolicyExtension></GroupPolicyObject>
</GroupPolicyBackupScheme>