<BackupInst xmlns="http://www.microsoft.com/GroupPolicy/GPOOperations/Manifest"><GPOGuid><![CDATA[{D4B609FB-36A1-46A4-AF7B-D6ABF3B4C677}]]></GPOGuid><GPODomain><![CDATA[stig.lab]]></GPODomain><GPODomainGuid><![CDATA[{9ddb958d-7916-4557-ae47-eef7f4d41f28}]]></GPODomainGuid><GPODomainController><![CDATA[STIGDC16.stig.lab]]></GPODomainController><BackupTime><![CDATA[2019-10-16T17:49:08]]></BackupTime><ID><![CDATA[{6F1EC757-8CF5-4EAF-B621-DA2CB372B8B1}]]></ID><Comment><![CDATA[Scripted backup created by STIG\p-dom.admin on 10/16/2019]]></Comment><GPODisplayName><![CDATA[Customizations and Deviations Clients]]></GPODisplayName></BackupInst>
