<?xml version="1.0" encoding="utf-8"?>
<Groups clsid="{3125E937-EB16-4b4c-9934-544FC6D24D26}"><Group clsid="{6D4A79E4-529C-4481-ABD0-F5BD7EA93BA7}" name="Backup Operators (built-in)" image="2" changed="2016-02-17 13:11:27" uid="{32677F81-4B3C-43C6-9847-BB13BA8C6D74}" userContext="0" removePolicy="0" desc="Rule Title:  Only accounts responsible for the backup operations must be members of the Backup Operators group.
STIG ID: WN10-00-000075  Rule ID: SV-77853r1_rule  Vuln ID: V-63363
Severity: CAT II Class: Unclass"><Properties action="U" newName="" description="" deleteAllUsers="1" deleteAllGroups="0" removeAccounts="0" groupSid="S-1-5-32-551" groupName="Backup Operators (built-in)"/></Group>
	<Group clsid="{6D4A79E4-529C-4481-ABD0-F5BD7EA93BA7}" name="Hyper-V Administrators" image="2" userContext="0" removePolicy="0" desc="Rule Title:  Users must not be allowed to run virtual machines in Hyper-V on the system.
STIG ID: WN10-00-000080  Rule ID: SV-77855r1_rule  Vuln ID: V-63365
Severity: CAT II Class: Unclass" changed="2016-02-17 13:12:33" uid="{7CD2AF4E-611D-4316-8B07-1AAF03C4C9DF}"><Properties action="U" newName="" description="" deleteAllUsers="1" deleteAllGroups="0" removeAccounts="0" groupName="Hyper-V Administrators"/></Group>
	<Group clsid="{6D4A79E4-529C-4481-ABD0-F5BD7EA93BA7}" name="Administrators (built-in)" image="2" changed="2016-06-21 18:56:47" uid="{E6B63254-17A8-4A9A-A802-39D4D0815F28}" userContext="0" removePolicy="0" desc="Rule Title:  Only accounts responsible for the administration of a system must have Administrator rights on the system.
STIG ID: WN10-00-000070  Rule ID: SV-77851r1_rule  Vuln ID: V-63361
Severity: CAT I Class: Unclass"><Properties action="U" newName="" description="" deleteAllUsers="1" deleteAllGroups="1" removeAccounts="0" groupSid="S-1-5-32-544" groupName="Administrators (built-in)"><Members><Member name="STIG\Client_Admins" action="ADD" sid="S-1-5-21-1935628470-3725585337-1170168756-1109"/></Members></Properties></Group>
	<User clsid="{DF5F1855-51E5-4d24-8B1A-D9BDE98BA1D1}" name="Administrator (built-in)" image="2" changed="2017-01-23 12:35:33" uid="{40652BBA-EF5C-48BD-9F72-C8D918D162D8}" userContext="0" removePolicy="0" desc="Rule Title: The built-in administrator account must be disabled.
STIG ID:	WN10-SO-000005
Rule ID:	SV-78091r1_rule
Vuln ID:	V-63601
Severity:	CAT II
Class:	Unclass"><Properties action="U" newName="" fullName="" description="" cpassword="" changeLogon="0" noChange="0" neverExpires="0" acctDisabled="1" subAuthority="RID_ADMIN" userName="Administrator (built-in)"/></User>
</Groups>
