<?xml version="1.0" encoding="utf-8"?>
<RegistrySettings clsid="{A3CCFC41-DFDB-43a5-8D26-0FE8B954DA51}"><Registry clsid="{9CD4B2F4-923D-47f5-A062-E897DD1DAD50}" name="DisabledComponents" status="DisabledComponents" image="12" changed="2016-05-10 13:19:06" uid="{13591207-7289-4C11-A190-4497D6E9358C}" bypassErrors="1"><Properties action="U" displayDecimal="0" default="0" hive="HKEY_LOCAL_MACHINE" key="SYSTEM\CurrentControlSet\Services\TCPIP6\Parameters" name="DisabledComponents" type="REG_DWORD" value="000000FF"/><Filters><FilterRunOnce hidden="1" not="0" bool="AND" id="{5201A61E-11D9-4A26-B871-89782F8A12C2}"/>
		</Filters></Registry>
	<Registry clsid="{9CD4B2F4-923D-47f5-A062-E897DD1DAD50}" name="Autorun.inf" status="(Default)" image="7" changed="2015-03-06 20:13:49" uid="{4E8C2E21-8892-4842-89E3-94B826F74A0B}"><Properties action="U" displayDecimal="1" default="1" hive="HKEY_LOCAL_MACHINE" key="SOFTWARE\Microsoft\Windows NT\CurrentVersion\IniFileMapping\Autorun.inf" name="" type="REG_SZ" value="@SYS:DoesNotExist"/></Registry>
	<Registry clsid="{9CD4B2F4-923D-47f5-A062-E897DD1DAD50}" name="LocalAccountTokenFilterPolicy" status="LocalAccountTokenFilterPolicy" image="12" bypassErrors="1" changed="2015-03-06 20:37:52" uid="{F2EC71F8-C1C0-4094-8793-791D86BC89AB}"><Properties action="U" displayDecimal="0" default="0" hive="HKEY_LOCAL_MACHINE" key="SOFTWARE\Microsoft\Windows\CurrentVersion\Policies\System" name="LocalAccountTokenFilterPolicy" type="REG_DWORD" value="00000000"/></Registry>
</RegistrySettings>
