<?xml version="1.0" encoding="utf-8"?>
<Groups clsid="{3125E937-EB16-4b4c-9934-544FC6D24D26}"><Group clsid="{6D4A79E4-529C-4481-ABD0-F5BD7EA93BA7}" name="Backup Operators (built-in)" image="2" userContext="0" removePolicy="0" desc="Rule Title:  Members of the Backup Operators group will have separate accounts for backup duties and normal operational tasks.
STIG ID: 1.007  Rule ID: SV-32261r1_rule  Vuln ID: V-1168
Severity: CAT II Class: Unclass" changed="2016-03-16 11:10:14" uid="{41FE7D71-0815-4B5C-B9F9-24C9803C57CC}"><Properties action="U" newName="" description="" deleteAllUsers="1" deleteAllGroups="1" removeAccounts="0" groupSid="S-1-5-32-551" groupName="Backup Operators (built-in)"/></Group>
	<Group clsid="{6D4A79E4-529C-4481-ABD0-F5BD7EA93BA7}" name="Administrators (built-in)" image="2" userContext="0" removePolicy="0" desc="Rule Title:  Only administrators responsible for the system must have Administrator rights on the system.
STIG ID: 4.027-MS  Rule ID: SV-32254r4_rule  Vuln ID: V-1127
Severity: CAT I Class: Unclass
" changed="2016-03-16 14:53:40" uid="{09F2D1A0-59ED-4BB5-B935-DA369E954089}"><Properties action="U" newName="" description="" deleteAllUsers="1" deleteAllGroups="1" removeAccounts="0" groupSid="S-1-5-32-544" groupName="Administrators (built-in)"><Members><Member name="STIG\Server_Admins" action="ADD" sid="S-1-5-21-1935628470-3725585337-1170168756-1108"/></Members></Properties></Group>
</Groups>
