<BackupInst xmlns="http://www.microsoft.com/GroupPolicy/GPOOperations/Manifest"><GPOGuid><![CDATA[{9546C1FA-3C92-4A16-BDCD-83F59E373C15}]]></GPOGuid><GPODomain><![CDATA[stig.lab]]></GPODomain><GPODomainGuid><![CDATA[{9ddb958d-7916-4557-ae47-eef7f4d41f28}]]></GPODomainGuid><GPODomainController><![CDATA[STIGDC16.stig.lab]]></GPODomainController><BackupTime><![CDATA[2019-10-16T17:48:58]]></BackupTime><ID><![CDATA[{4E3D2B9E-4811-494A-9824-5704189D60A6}]]></ID><Comment><![CDATA[Scripted backup created by STIG\p-dom.admin on 10/16/2019]]></Comment><GPODisplayName><![CDATA[DAC Domain Controller Customizations]]></GPODisplayName></BackupInst>
