<?xml version="1.0" encoding="utf-8"?>
<Groups clsid="{3125E937-EB16-4b4c-9934-544FC6D24D26}"><Group clsid="{6D4A79E4-529C-4481-ABD0-F5BD7EA93BA7}" name="Administrators (built-in)" image="2" changed="2017-08-31 17:50:31" uid="{DDA97ACD-1093-4727-A1F2-A58E3397D6AD}"><Properties action="U" newName="" description="" deleteAllUsers="0" deleteAllGroups="0" removeAccounts="0" groupSid="S-1-5-32-544" groupName="Administrators (built-in)"><Members><Member name="STIG\Client_Admins" action="ADD" sid="S-1-5-21-1935628470-3725585337-1170168756-1109"/></Members></Properties></Group>
	<Group clsid="{6D4A79E4-529C-4481-ABD0-F5BD7EA93BA7}" name="Remote Desktop Users (built-in)" image="2" changed="2017-10-23 14:29:17" uid="{16FF42B5-3D66-4114-9B42-78E4B5E8D1C6}"><Properties action="U" newName="" description="" deleteAllUsers="0" deleteAllGroups="0" removeAccounts="0" groupSid="S-1-5-32-555" groupName="Remote Desktop Users (built-in)"><Members><Member name="STIG\Client_Admins" action="ADD" sid="S-1-5-21-1935628470-3725585337-1170168756-1109"/><Member name="STIG\Domain Users" action="ADD" sid="S-1-5-21-1935628470-3725585337-1170168756-513"/></Members></Properties></Group>
</Groups>
