<BackupInst xmlns="http://www.microsoft.com/GroupPolicy/GPOOperations/Manifest"><GPOGuid><![CDATA[{E011D323-59C4-4613-AD6E-EFF85FFC3ECB}]]></GPOGuid><GPODomain><![CDATA[stig.lab]]></GPODomain><GPODomainGuid><![CDATA[{9ddb958d-7916-4557-ae47-eef7f4d41f28}]]></GPODomainGuid><GPODomainController><![CDATA[STIGDC16.stig.lab]]></GPODomainController><BackupTime><![CDATA[2019-10-16T17:49:09]]></BackupTime><ID><![CDATA[{C027E5EF-5D2F-46F0-A88E-F45A15B6976F}]]></ID><Comment><![CDATA[Scripted backup created by STIG\p-dom.admin on 10/16/2019]]></Comment><GPODisplayName><![CDATA[Government Mandates Servers]]></GPODisplayName></BackupInst>
