<?xml version="1.0" encoding="utf-8"?>
<RegistrySettings clsid="{A3CCFC41-DFDB-43a5-8D26-0FE8B954DA51}"><Registry clsid="{9CD4B2F4-923D-47f5-A062-E897DD1DAD50}" name="DisabledComponents" status="DisabledComponents" image="12" changed="2016-05-10 13:33:38" uid="{3A2AFA80-C678-4360-91E8-39E49CB07631}" desc="Per https://support.microsoft.com/en-us/kb/929852.

Important Internet Protocol version 6 (IPv6) is a mandatory part of Windows Vista and later versions of Windows. We do not recommend that you disable IPv6 or its components. If you do, some Windows components may not function. Additionally, system startup will be delayed for 5 seconds if IPv6 is disabled by incorrectly, setting the DisabledComponents registry setting to a value of 0xfffffff. The correct value should be 0xff." bypassErrors="1"><Properties action="U" displayDecimal="0" default="0" hive="HKEY_LOCAL_MACHINE" key="SYSTEM\CurrentControlSet\Services\TCPIP6\Parameters" name="DisabledComponents" type="REG_DWORD" value="000000FF"/><Filters><FilterRunOnce hidden="1" not="0" bool="AND" id="{5201A61E-11D9-4A26-B871-89782F8A12C2}"/>
		</Filters></Registry>
	<Registry clsid="{9CD4B2F4-923D-47f5-A062-E897DD1DAD50}" name="Autorun.inf" status="(Default)" image="7" changed="2015-03-06 20:13:49" uid="{4E8C2E21-8892-4842-89E3-94B826F74A0B}"><Properties action="U" displayDecimal="1" default="1" hive="HKEY_LOCAL_MACHINE" key="SOFTWARE\Microsoft\Windows NT\CurrentVersion\IniFileMapping\Autorun.inf" name="" type="REG_SZ" value="@SYS:DoesNotExist"/></Registry>
	<Registry clsid="{9CD4B2F4-923D-47f5-A062-E897DD1DAD50}" name="LocalAccountTokenFilterPolicy" status="LocalAccountTokenFilterPolicy" image="12" bypassErrors="1" changed="2015-03-06 20:37:52" uid="{F2EC71F8-C1C0-4094-8793-791D86BC89AB}"><Properties action="U" displayDecimal="0" default="0" hive="HKEY_LOCAL_MACHINE" key="SOFTWARE\Microsoft\Windows\CurrentVersion\Policies\System" name="LocalAccountTokenFilterPolicy" type="REG_DWORD" value="00000000"/></Registry>
	<Registry clsid="{9CD4B2F4-923D-47f5-A062-E897DD1DAD50}" name="AutoDownload" status="AutoDownload" image="10" changed="2015-12-14 02:50:45" uid="{8B850A03-9678-4795-B228-572D122EE0CF}" bypassErrors="1"><Properties action="C" displayDecimal="1" default="0" hive="HKEY_LOCAL_MACHINE" key="SOFTWARE\Policies\Microsoft\WindowsStore\WindowsUpdate" name="AutoDownload" type="REG_DWORD" value="00000002"/><Filters><FilterRunOnce hidden="1" not="0" bool="AND" id="{1191D70C-E6DC-49E2-86C3-F1EE092E0051}"/>
		</Filters></Registry>
</RegistrySettings>
