<?xml version="1.0" encoding="utf-8"?>
<Groups clsid="{3125E937-EB16-4b4c-9934-544FC6D24D26}"><Group clsid="{6D4A79E4-529C-4481-ABD0-F5BD7EA93BA7}" name="Administrators (built-in)" image="2" changed="2017-08-07 16:36:53" uid="{812F674D-491C-41FD-B62D-FF40D4B6C1EA}"><Properties action="U" newName="" description="" deleteAllUsers="0" deleteAllGroups="0" removeAccounts="0" groupSid="S-1-5-32-544" groupName="Administrators (built-in)"><Members><Member name="STIG\s-sp_farm" action="ADD" sid=""/><Member name="STIG\s-sp_sql" action="ADD" sid=""/><Member name="STIG\s-sp_workflow" action="ADD" sid=""/><Member name="STIG\s-sp_app" action="ADD" sid=""/><Member name="STIG\s-sp_search" action="ADD" sid=""/><Member name="STIG\s-sp_pool" action="ADD" sid=""/></Members></Properties></Group>
</Groups>
