<?xml version="1.0" encoding="utf-8"?><!-- Copyright (c) Microsoft Corporation.  All rights reserved. --><GroupPolicyBackupScheme bkp:version="2.0" bkp:type="GroupPolicyBackupTemplate" xmlns:bkp="http://www.microsoft.com/GroupPolicy/GPOOperations" xmlns="http://www.microsoft.com/GroupPolicy/GPOOperations">
    <GroupPolicyObject><SecurityGroups><Group bkp:Source="FromDACL"><Sid><![CDATA[S-1-5-21-1935628470-3725585337-1170168756-512]]></Sid><SamAccountName><![CDATA[Domain Admins]]></SamAccountName><Type><![CDATA[GlobalGroup]]></Type><NetBIOSDomainName><![CDATA[STIG]]></NetBIOSDomainName><DnsDomainName><![CDATA[stig.lab]]></DnsDomainName><UPN><![CDATA[Domain Admins@stig.lab]]></UPN></Group><Group bkp:Source="FromDACL"><Sid><![CDATA[S-1-5-21-1935628470-3725585337-1170168756-519]]></Sid><SamAccountName><![CDATA[Enterprise Admins]]></SamAccountName><Type><![CDATA[UniversalGroup]]></Type><NetBIOSDomainName><![CDATA[STIG]]></NetBIOSDomainName><DnsDomainName><![CDATA[stig.lab]]></DnsDomainName><UPN><![CDATA[Enterprise Admins@stig.lab]]></UPN></Group></SecurityGroups><FilePaths/><GroupPolicyCoreSettings><ID><![CDATA[{C7938952-9D1E-4ED5-9322-BE5F0E01C681}]]></ID><Domain><![CDATA[stig.lab]]></Domain><SecurityDescriptor>01 00 04 9c 00 00 00 00 00 00 00 00 00 00 00 00 14 00 00 00 04 00 24 01 0a 00 00 00 05 03 28 00 00 01 00 00 01 00 00 00 8f fd ac ed b3 ff d1 11 b4 1d 00 a0 c9 68 f9 39 01 01 00 00 00 00 00 05 0b 00 00 00 00 00 24 00 ff 00 0f 00 01 05 00 00 00 00 00 05 15 00 00 00 b6 58 5f 73 b9 eb 0f de b4 5b bf 45 00 02 00 00 00 00 24 00 ff 00 0f 00 01 05 00 00 00 00 00 05 15 00 00 00 b6 58 5f 73 b9 eb 0f de b4 5b bf 45 07 02 00 00 00 0b 24 00 ff 00 1f 00 01 05 00 00 00 00 00 05 15 00 00 00 b6 58 5f 73 b9 eb 0f de b4 5b bf 45 00 02 00 00 00 0b 24 00 ff 00 1f 00 01 05 00 00 00 00 00 05 15 00 00 00 b6 58 5f 73 b9 eb 0f de b4 5b bf 45 07 02 00 00 00 00 14 00 ff 00 0f 00 01 01 00 00 00 00 00 05 12 00 00 00 00 03 14 00 14 00 02 00 01 01 00 00 00 00 00 05 09 00 00 00 00 03 14 00 14 00 02 00 01 01 00 00 00 00 00 05 0b 00 00 00 00 0a 14 00 ff 00 1f 01 01 01 00 00 00 00 00 03 00 00 00 00 00 0b 14 00 ff 00 1f 01 01 01 00 00 00 00 00 05 12 00 00 00</SecurityDescriptor><DisplayName><![CDATA[STIG Office 2013 Computer]]></DisplayName><Options><![CDATA[1]]></Options><UserVersionNumber><![CDATA[15991028]]></UserVersionNumber><MachineVersionNumber><![CDATA[4849738]]></MachineVersionNumber><MachineExtensionGuids><![CDATA[[{35378EAC-683F-11D2-A89A-00C04FBBCFA2}{D02B1F72-3407-48AE-BA88-E8213C6761F1}]]]></MachineExtensionGuids><UserExtensionGuids/><WMIFilter/></GroupPolicyCoreSettings> 
        <GroupPolicyExtension bkp:ID="{35378EAC-683F-11D2-A89A-00C04FBBCFA2}" bkp:DescName="Registry">
            <FSObjectFile bkp:Path="%GPO_MACH_FSPATH%\registry.pol" bkp:SourceExpandedPath="\\STIGDC16.stig.lab\sysvol\stig.lab\Policies\{C7938952-9D1E-4ED5-9322-BE5F0E01C681}\Machine\registry.pol" bkp:Location="DomainSysvol\GPO\Machine\registry.pol"/>
            <FSObjectFile bkp:Path="%GPO_USER_FSPATH%\registry.pol" bkp:SourceExpandedPath="\\STIGDC16.stig.lab\sysvol\stig.lab\Policies\{C7938952-9D1E-4ED5-9322-BE5F0E01C681}\User\registry.pol" bkp:Location="DomainSysvol\GPO\User\registry.pol"/>
            <FSObjectFile bkp:Path="%GPO_FSPATH%\Adm\*.*" bkp:SourceExpandedPath="\\STIGDC16.stig.lab\sysvol\stig.lab\Policies\{C7938952-9D1E-4ED5-9322-BE5F0E01C681}\Adm\*.*"/>
        </GroupPolicyExtension>
        
        
        
        
        
        
        
        
        
    <GroupPolicyExtension bkp:ID="{F15C46CD-82A0-4C2D-A210-5D0D3182A418}" bkp:DescName="Unknown Extension"><FSObjectDir bkp:Path="%GPO_FSPATH%\Adm" bkp:SourceExpandedPath="\\STIGDC16.stig.lab\sysvol\stig.lab\Policies\{C7938952-9D1E-4ED5-9322-BE5F0E01C681}\Adm" bkp:Location="DomainSysvol\GPO\Adm"/><FSObjectFile bkp:Path="%GPO_FSPATH%\GPO.cmt" bkp:SourceExpandedPath="\\STIGDC16.stig.lab\sysvol\stig.lab\Policies\{C7938952-9D1E-4ED5-9322-BE5F0E01C681}\GPO.cmt" bkp:Location="DomainSysvol\GPO\GPO.cmt"/><FSObjectDir bkp:Path="%GPO_MACH_FSPATH%\Applications" bkp:SourceExpandedPath="\\STIGDC16.stig.lab\sysvol\stig.lab\Policies\{C7938952-9D1E-4ED5-9322-BE5F0E01C681}\Machine\Applications" bkp:Location="DomainSysvol\GPO\Machine\Applications"/><FSObjectFile bkp:Path="%GPO_MACH_FSPATH%\comment.cmtx" bkp:SourceExpandedPath="\\STIGDC16.stig.lab\sysvol\stig.lab\Policies\{C7938952-9D1E-4ED5-9322-BE5F0E01C681}\Machine\comment.cmtx" bkp:Location="DomainSysvol\GPO\Machine\comment.cmtx"/><FSObjectDir bkp:Path="%GPO_MACH_FSPATH%\Scripts" bkp:SourceExpandedPath="\\STIGDC16.stig.lab\sysvol\stig.lab\Policies\{C7938952-9D1E-4ED5-9322-BE5F0E01C681}\Machine\Scripts" bkp:Location="DomainSysvol\GPO\Machine\Scripts"/><FSObjectDir bkp:Path="%GPO_MACH_FSPATH%\Scripts\Shutdown" bkp:SourceExpandedPath="\\STIGDC16.stig.lab\sysvol\stig.lab\Policies\{C7938952-9D1E-4ED5-9322-BE5F0E01C681}\Machine\Scripts\Shutdown" bkp:Location="DomainSysvol\GPO\Machine\Scripts\Shutdown"/><FSObjectDir bkp:Path="%GPO_MACH_FSPATH%\Scripts\Startup" bkp:SourceExpandedPath="\\STIGDC16.stig.lab\sysvol\stig.lab\Policies\{C7938952-9D1E-4ED5-9322-BE5F0E01C681}\Machine\Scripts\Startup" bkp:Location="DomainSysvol\GPO\Machine\Scripts\Startup"/><FSObjectFile bkp:Path="%GPO_USER_FSPATH%\comment.cmtx" bkp:SourceExpandedPath="\\STIGDC16.stig.lab\sysvol\stig.lab\Policies\{C7938952-9D1E-4ED5-9322-BE5F0E01C681}\User\comment.cmtx" bkp:Location="DomainSysvol\GPO\User\comment.cmtx"/></GroupPolicyExtension></GroupPolicyObject>
</GroupPolicyBackupScheme>