<?xml version="1.0" encoding="utf-8"?>
<Groups clsid="{3125E937-EB16-4b4c-9934-544FC6D24D26}"><User clsid="{DF5F1855-51E5-4d24-8B1A-D9BDE98BA1D1}" name="Administrator (built-in)" image="2" changed="2015-03-06 20:45:32" uid="{B47E040B-2B76-4E4B-B642-18768807E130}" userContext="0" removePolicy="0"><Properties action="U" newName="" fullName="" description="" cpassword="" changeLogon="0" noChange="0" neverExpires="0" acctDisabled="1" subAuthority="RID_ADMIN" userName="Administrator (built-in)"/></User>
	<Group clsid="{6D4A79E4-529C-4481-ABD0-F5BD7EA93BA7}" name="DenyNetworkAccess" image="2" changed="2016-05-10 13:20:07" uid="{1B78301A-3E48-45F8-82AA-77F5DAB2C385}"><Properties action="U" newName="" description="" deleteAllUsers="0" deleteAllGroups="0" removeAccounts="0" groupSid="" groupName="DenyNetworkAccess"><Members><Member name="xadministrator" action="ADD" sid=""/><Member name="Domain Admins" action="ADD" sid=""/><Member name="Enterprise Admins" action="ADD" sid=""/></Members></Properties></Group>
	<Group clsid="{6D4A79E4-529C-4481-ABD0-F5BD7EA93BA7}" name="Power Users (built-in)" image="2" changed="2015-03-16 15:55:54" uid="{6A73B3FC-5828-4335-A2E8-FBDAE24D91AB}"><Properties action="U" newName="" description="" deleteAllUsers="1" deleteAllGroups="0" removeAccounts="0" groupSid="S-1-5-32-547" groupName="Power Users (built-in)"/></Group>
</Groups>
