<BackupInst xmlns="http://www.microsoft.com/GroupPolicy/GPOOperations/Manifest"><GPOGuid><![CDATA[{B7BC4AD8-338E-44A4-88A9-4220E3DA0B37}]]></GPOGuid><GPODomain><![CDATA[stig.lab]]></GPODomain><GPODomainGuid><![CDATA[{9ddb958d-7916-4557-ae47-eef7f4d41f28}]]></GPODomainGuid><GPODomainController><![CDATA[STIGDC16.stig.lab]]></GPODomainController><BackupTime><![CDATA[2019-10-16T17:49:01]]></BackupTime><ID><![CDATA[{45B49CBD-DB36-4C0F-A547-E11E596035DF}]]></ID><Comment><![CDATA[Scripted backup created by STIG\p-dom.admin on 10/16/2019]]></Comment><GPODisplayName><![CDATA[B1 Client Customizations and Deviations]]></GPODisplayName></BackupInst>
